Site,07Spring1,07Spring2,07Spring3,08Spring1,08Spring2,08Spring3,08Summer1,08Summer2,08Summer3,08Fall1,08Fall2,08Fall3,09Spring1,09Spring2,09Spring3,09Summer1,09Summer2,09Summer3,09Fall1,09Fall2,09Fall3,10Spring1,10Spring2,10Spring3,10Sum1,10Sum2,10Sum3,10Fall1,10Fall2,10Fall3,11Spring1,11Spring2,11Spring3,11Sum1,11Sum2,11Sum3,11Fall1,11Fall2,11Fall3,Spp,Isolate,Isolateno,Strata,Stratano,Type,T1,T2,T3,T4,H,S,P,Suit,Unsut,Hist,YrTemp,Wtemp,SpTemp,SuTemp,Ftemp,YrPrs,WPrs,SpPrs,SuPrs,FPrs,YrRH,WRH,SpRH,SuRH,FRH,YrTempmin,Wtempmin,SpTempmin,SuTempmin,Ftempmin,YrPrsmin,WPrsmin,SpPrsmin,SuPrsmin,FPrsmin,YrRHmin,WRHmin,SpRHmin,SuRHmin,FRHmin,YrTempmax,Wtempmax,SpTempmax,SuTempmax,Ftempmax,YrPrsmax,WPrsmax,SpPrsmax,SuPrsmax,FPrsmax,YrRHmax,WRHmax,SpRHmax,SuRHmax,FRHmax,Elev_diffBM,Site,Elev_m,Talus,talus1,talus2,talus3,talus4,Aspect,N,Asp1,Asp2,Asp3,Asp4,Asp5,Asp6,Canopy,Moss,Rockcover,Leaf,Veg,8506,8502,6599,8523,8518,6237,6057,8528,6669,8504,Soil,S1,S2,S3,S4,S5,S6,S7,woodydebris,soildepth
3601,NA,NA,NA,0,0,0,0,0,0,0,0,NA,0,0,0,0,0,0,0,0,NA,NA,NA,NA,NA,NA,NA,NA,NA,NA,NA,NA,NA,0,0,NA,NA,NA,NA,shen,H,1,Suit,2,2.5,0,0,1,0,1,0,0,1,0,0,8.767971929,-1.1242442,8.37103945,18.05573045,9.769362017,900.3786958,897.5860833,899.6536,901.872,902.4031,74.35443256,68.1794353,73.89595432,79.76418749,75.57815313,-3.7979284,-3.7979284,3.0711569,17.4960199,3.1186531,894.9866,894.9866,896.6788,898.5558,898.7204,65.87642657,65.87642657,70.07941748,78.32933015,70.80615539,19.2508619,1.4496522,13.5705854,19.2508619,16.0179703,905.0871,899.5417,902.0659,904.2191,905.0871,81.49929066,70.20853893,77.46626245,81.20095906,79.79491021,-60.968,3601,1018.032,2.5,0,0,1,0,1,1,1,0,0,0,0,0,51.66666667,3.333333333,45,41.67,8506,1,0,0,0,0,0,0,0,0,0,4,0,0,0,1,0,0,0,11,0
3602,NA,NA,NA,0,0,0,0,0,0,0,0,NA,0,0,0,0,0,0,0,0,NA,NA,NA,NA,NA,NA,NA,NA,NA,NA,NA,NA,NA,NA,NA,NA,NA,NA,NA,shen,H,1,Suit,2,4,0,0,0,1,1,0,0,1,0,0,8.662968329,-1.2292478,8.26603585,17.95072685,9.664358417,898.7632558,895.9706433,898.03816,900.25656,900.78766,73.74384793,67.56885067,73.28536969,79.15360287,74.9675685,-3.902932,-3.902932,2.9661533,17.3910163,3.0136495,893.37116,893.37116,895.06336,896.94036,897.10496,65.26584194,65.26584194,69.46883285,77.71874553,70.19557077,19.1458583,1.3446486,13.4655818,19.1458583,15.9129667,903.47166,897.92626,900.45046,902.60366,903.47166,80.88870604,69.5979543,76.85567783,80.59037444,79.18432559,-44.8136,3602,1034.1864,4,0,0,0,1,1,1,1,0,0,0,0,0,70,0.333333333,1.666666667,25,8502,0,1,0,0,0,0,0,0,0,0,4,0,0,0,1,0,0,0,5,16.66666667
3603,NA,NA,NA,0,0,0,0,0,0,0,0,NA,0,0,0,0,0,0,0,0,NA,NA,NA,NA,NA,NA,NA,NA,NA,NA,NA,NA,NA,NA,NA,NA,NA,NA,NA,shen,H,1,Suit,2,3,0,0,1,0,1,0,0,1,0,0,8.486641529,-1.4055746,8.08970905,17.77440005,9.488031617,896.0505358,893.2579233,895.32544,897.54384,898.07494,72.71852658,66.54352932,72.26004834,78.12828151,73.94224715,-4.0792588,-4.0792588,2.7898265,17.2146895,2.8373227,890.65844,890.65844,892.35064,894.22764,894.39224,64.24052059,64.24052059,68.4435115,76.69342417,69.17024942,18.9695315,1.1683218,13.289255,18.9695315,15.7366399,900.75894,895.21354,897.73774,899.89094,900.75894,79.86338468,68.57263295,75.83035647,79.56505308,78.15900423,-17.6864,3603,1061.3136,3,0,0,1,0,1,1,1,0,0,0,0,0,60,14.33333333,18.33333333,26.67,8502,0,1,0,0,0,0,0,0,0,0,3,0,0,1,0,0,0,0,2,15
3604,NA,NA,NA,0,0,0,0,0,0,0,0,NA,0,0,0,0,0,0,0,0,NA,NA,NA,NA,NA,NA,NA,NA,NA,NA,NA,NA,NA,NA,NA,NA,NA,NA,NA,shen,H,1,Unsut,3,3,0,0,1,0,1,0,0,0,1,0,8.510415929,-1.3818002,8.11348345,17.79817445,9.511806017,896.4162958,893.6236833,895.6912,897.9096,898.4407,72.85677216,66.6817749,72.39829391,78.26652709,74.08049272,-4.0554844,-4.0554844,2.8136009,17.2384639,2.8610971,891.0242,891.0242,892.7164,894.5934,894.758,64.37876616,64.37876616,68.58175707,76.83166975,69.30849499,18.9933059,1.1920962,13.3130294,18.9933059,15.7604143,901.1247,895.5793,898.1035,900.2567,901.1247,80.00163026,68.71087853,75.96860205,79.70329866,78.29724981,-21.344,3604,1057.656,3,0,0,1,0,4,0,0,0,0,1,0,0,58.33333333,0.333333333,15,15,6599,0,0,1,0,0,0,0,0,0,0,6,0,0,0,0,0,1,0,2.666666667,3.333333333
3605,NA,NA,NA,0,0,0,0,0,0,0,0,NA,0,0,0,0,0,0,0,0,NA,NA,NA,NA,NA,NA,NA,NA,NA,NA,NA,NA,NA,NA,NA,NA,NA,NA,NA,shen,H,1,Unsut,3,4,0,0,0,1,1,0,0,0,1,0,8.678817929,-1.2133982,8.28188545,17.96657645,9.680208017,899.0070958,896.2144833,898.282,900.5004,901.0315,73.83601165,67.66101439,73.37753341,79.24576658,75.05973222,-3.8870824,-3.8870824,2.9820029,17.4068659,3.0294991,893.615,893.615,895.3072,897.1842,897.3488,65.35800566,65.35800566,69.56099657,77.81090924,70.28773449,19.1617079,1.3604982,13.4814314,19.1617079,15.9288163,903.7155,898.1701,900.6943,902.8475,903.7155,80.98086975,69.69011802,76.94784154,80.68253815,79.2764893,-47.252,3605,1031.748,4,0,0,0,1,6,1,0,0,0,0,0,1,71.66666667,0,0,33.33,8506,1,0,0,0,0,0,0,0,0,0,3,0,0,1,0,0,0,0,4.666666667,3.333333333
3606,NA,NA,NA,0,0,0,0,0,0,0,0,NA,0,0,0,0,0,0,0,0,NA,NA,NA,NA,NA,NA,NA,NA,NA,NA,NA,NA,NA,NA,NA,NA,NA,NA,NA,shen,H,1,Unsut,3,4,0,0,0,1,1,0,0,0,1,0,8.767971929,-1.1242442,8.37103945,18.05573045,9.769362017,900.3786958,897.5860833,899.6536,901.872,902.4031,74.35443256,68.1794353,73.89595432,79.76418749,75.57815313,-3.7979284,-3.7979284,3.0711569,17.4960199,3.1186531,894.9866,894.9866,896.6788,898.5558,898.7204,65.87642657,65.87642657,70.07941748,78.32933015,70.80615539,19.2508619,1.4496522,13.5705854,19.2508619,16.0179703,905.0871,899.5417,902.0659,904.2191,905.0871,81.49929066,70.20853893,77.46626245,81.20095906,79.79491021,-60.968,3606,1018.032,4,0,0,0,1,4,0,0,0,0,1,0,0,46.66666667,3.333333333,0,1.22,6599,0,0,1,0,0,0,0,0,0,0,6,0,0,0,0,0,1,0,14,0
3607,NA,NA,NA,1,NA,NA,0,0,0,0,0,0,0,0,0,0,0,0,0,0,NA,NA,NA,NA,NA,NA,NA,NA,NA,NA,NA,NA,NA,NA,NA,NA,NA,NA,NA,shen,H,1,Suit,2,2,0,1,0,0,1,0,0,1,0,0,8.666930729,-1.2252854,8.26999825,17.95468925,9.668320817,898.8242158,896.0316033,898.09912,900.31752,900.84862,73.76688886,67.5918916,73.30841062,79.1766438,74.99060943,-3.8989696,-3.8989696,2.9701157,17.3949787,3.0176119,893.43212,893.43212,895.12432,897.00132,897.16592,65.28888287,65.28888287,69.49187378,77.74178645,70.2186117,19.1498207,1.348611,13.4695442,19.1498207,15.9169291,903.53262,897.98722,900.51142,902.66462,903.53262,80.91174697,69.62099523,76.87871876,80.61341537,79.20736652,-45.4232,3607,1033.5768,2,0,1,0,0,1,1,1,0,0,0,0,0,86.66666667,0.666666667,15,30,8502,0,1,0,0,0,0,0,0,0,0,1,1,0,0,0,0,0,0,21.66666667,0
3608,NA,NA,NA,0,0,0,0,0,0,0,0,0,0,0,0,0,0,0,0,0,NA,NA,NA,NA,NA,NA,NA,NA,NA,NA,NA,NA,NA,0,0,NA,NA,NA,NA,shen,H,1,Suit,2,2.5,0,0,1,0,1,0,0,1,0,0,8.603532329,-1.2886838,8.20659985,17.89129085,9.604922417,897.8488558,895.0562433,897.12376,899.34216,899.87326,73.39823399,67.22323673,72.93975575,78.80798893,74.62195456,-3.962368,-3.962368,2.9067173,17.3315803,2.9542135,892.45676,892.45676,894.14896,896.02596,896.19056,64.920228,64.920228,69.12321891,77.37313159,69.84995683,19.0864223,1.2852126,13.4061458,19.0864223,15.8535307,902.55726,897.01186,899.53606,901.68926,902.55726,80.5430921,69.25234036,76.51006389,80.2447605,78.83871165,-35.6696,3608,1043.3304,2.5,0,0,1,0,6,1,0,0,0,0,0,1,75,3.333333333,33.33333333,41.11,8502,0,1,0,0,0,0,0,0,0,0,1,1,0,0,0,0,0,0,7.333333333,0
3610,NA,NA,NA,0,0,0,0,0,0,1,NA,NA,0,0,0,0,0,0,0,0,NA,NA,NA,NA,NA,NA,NA,NA,NA,NA,NA,NA,NA,0,0,NA,NA,NA,NA,shen,H,1,Suit,2,4,0,0,0,1,1,0,0,1,0,0,8.762028329,-1.1301878,8.36509585,18.04978685,9.763418417,900.2872558,897.4946433,899.56216,901.78056,902.31166,74.31987117,68.14487391,73.86139292,79.7296261,75.54359173,-3.803872,-3.803872,3.0652133,17.4900763,3.1127095,894.89516,894.89516,896.58736,898.46436,898.62896,65.84186517,65.84186517,70.04485608,78.29476876,70.771594,19.2449183,1.4437086,13.5646418,19.2449183,16.0120267,904.99566,899.45026,901.97446,904.12766,904.99566,81.46472927,70.17397754,77.43170106,81.16639767,79.76034882,-60.0536,3610,1018.9464,4,0,0,0,1,1,1,1,0,0,0,0,0,81.66666667,1.666666667,10,27.44,8502,0,1,0,0,0,0,0,0,0,0,1,1,0,0,0,0,0,0,6,25
3611,NA,NA,NA,0,0,0,0,0,NA,0,0,NA,0,0,0,0,0,0,0,0,NA,NA,NA,NA,NA,NA,NA,NA,NA,NA,NA,NA,NA,NA,NA,NA,NA,NA,NA,shen,H,1,Unsut,3,2.5,0,0,1,0,1,0,0,0,1,0,7.989360329,-1.9028558,7.59242785,17.27711885,8.990750417,888.4000558,885.6074433,887.67496,889.89336,890.42446,69.82688996,63.6518927,69.36841171,75.23664489,71.05061052,-4.57654,-4.57654,2.2925453,16.7174083,2.3400415,883.00796,883.00796,884.70016,886.57716,886.74176,61.34888396,61.34888396,65.55187487,73.80178755,66.27861279,18.4722503,0.6710406,12.7919738,18.4722503,15.2393587,893.10846,887.56306,890.08726,892.24046,893.10846,76.97174806,65.68099633,72.93871985,76.67341646,75.26736761,58.8184,3611,1137.8184,2.5,0,0,1,0,1,1,1,0,0,0,0,0,83.33333333,3.666666667,28.33333333,39,8506,1,0,0,0,0,0,0,0,0,0,3,0,0,1,0,0,0,0,12.66666667,0
3612,NA,NA,NA,1,NA,NA,0,0,NA,0,0,NA,0,0,0,0,0,0,0,0,NA,NA,NA,NA,NA,NA,NA,NA,NA,NA,NA,NA,NA,NA,NA,NA,NA,NA,NA,shen,H,1,Unsut,3,2,0,1,0,0,1,0,0,0,1,0,7.856619929,-2.0355962,7.45968745,17.14437845,8.858010017,886.3578958,883.5652833,885.6328,887.8512,888.3823,69.05501882,62.88002157,68.59654058,74.46477376,70.27873939,-4.7092804,-4.7092804,2.1598049,16.5846679,2.2073011,880.9658,880.9658,882.658,884.535,884.6996,60.57701283,60.57701283,64.78000374,73.02991642,65.50674166,18.3395099,0.5383002,12.6592334,18.3395099,15.1066183,891.0663,885.5209,888.0451,890.1983,891.0663,76.19987693,64.9091252,72.16684872,75.90154533,74.49549648,79.24,3612,1158.24,2,0,1,0,0,1,1,1,0,0,0,0,0,78.33333333,5.333333333,78.33333333,44.61,8506,1,0,0,0,0,0,0,0,0,0,3,0,0,1,0,0,0,0,5,1.666666667
3613,NA,NA,NA,0,0,0,0,0,0,1,0,NA,0,0,0,0,0,0,0,0,NA,NA,NA,NA,NA,NA,NA,NA,NA,NA,NA,NA,NA,NA,NA,NA,NA,NA,NA,shen,S,2,Suit,2,2,0,1,0,0,0,1,0,1,0,0,8.664949529,-1.2272666,8.26801705,17.95270805,9.666339617,898.7937358,896.0011233,898.06864,900.28704,900.81814,73.7553684,67.58037114,73.29689016,79.16512333,74.97908896,-3.9009508,-3.9009508,2.9681345,17.3929975,3.0156307,893.40164,893.40164,895.09384,896.97084,897.13544,65.27736241,65.27736241,69.48035332,77.73026599,70.20709123,19.1478395,1.3466298,13.467563,19.1478395,15.9149479,903.50214,897.95674,900.48094,902.63414,903.50214,80.9002265,69.60947477,76.86719829,80.6018949,79.19584605,-45.1184,3613,1033.8816,2,0,1,0,0,1,1,1,0,0,0,0,0,50,0.166666667,35,34.22,8502,0,1,0,0,0,0,0,0,0,0,5,0,0,0,0,1,0,0,12.5,0
3614,NA,NA,NA,0,0,0,0,0,1,1,NA,NA,0,0,0,0,0,0,0,1,NA,NA,NA,NA,NA,NA,NA,NA,NA,NA,NA,NA,NA,NA,NA,NA,NA,NA,NA,shen,H,1,Hist,1,4,0,0,0,1,1,0,0,0,0,1,8.292483929,-1.5997322,7.89555145,17.58024245,9.293874017,893.0634958,890.2708833,892.3384,894.5568,895.0879,71.58952105,65.41452379,71.1310428,76.99927598,72.81324161,-4.2734164,-4.2734164,2.5956689,17.0205319,2.6431651,887.6714,887.6714,889.3636,891.2406,891.4052,63.11151505,63.11151505,67.31450596,75.56441864,68.04124388,18.7753739,0.9741642,13.0950974,18.7753739,15.5424823,897.7719,892.2265,894.7507,896.9039,897.7719,78.73437915,67.44362742,74.70135094,78.43604755,77.0299987,12.184,3614,1091.184,4,0,0,0,1,3,0,0,0,1,0,0,0,61.66666667,2,0,37.78,8506,1,0,0,0,0,0,0,0,0,0,4,0,0,0,1,0,0,0,15.66666667,11.66666667
3615,NA,NA,NA,0,0,0,0,0,0,0,0,NA,0,0,0,0,0,0,0,0,NA,NA,NA,NA,NA,NA,NA,NA,NA,NA,NA,NA,NA,NA,NA,NA,NA,NA,NA,shen,H,1,Unsut,3,3.5,0,0,0,1,1,0,0,0,1,0,8.750141129,-1.142075,8.35320865,18.03789965,9.751531217,900.1043758,897.3117633,899.37928,901.59768,902.12878,74.25074838,68.07575112,73.79227014,79.66050331,75.47446894,-3.8157592,-3.8157592,3.0533261,17.4781891,3.1008223,894.71228,894.71228,896.40448,898.28148,898.44608,65.77274239,65.77274239,69.9757333,78.22564597,70.70247121,19.2330311,1.4318214,13.5527546,19.2330311,16.0001395,904.81278,899.26738,901.79158,903.94478,904.81278,81.39560648,70.10485475,77.36257827,81.09727488,79.69122603,-58.2248,3615,1020.7752,3.5,0,0,0,1,6,1,0,0,0,0,0,1,55,0,10,26.78,8523,0,0,0,1,0,0,0,0,0,0,4,0,0,0,1,0,0,0,13.33333333,3.333333333
3617,NA,NA,NA,0,0,0,0,0,NA,0,0,NA,0,0,0,0,0,0,0,0,NA,NA,NA,NA,NA,NA,NA,NA,NA,NA,NA,NA,NA,NA,NA,NA,NA,NA,NA,shen,H,1,Unsut,3,3,0,0,1,0,1,0,0,0,1,0,7.757559929,-2.1346562,7.36062745,17.04531845,8.758950017,884.8338958,882.0412833,884.1088,886.3272,886.8583,68.47899559,62.30399833,68.02051735,73.88875053,69.70271616,-4.8083404,-4.8083404,2.0607449,16.4856079,2.1082411,879.4418,879.4418,881.134,883.011,883.1756,60.0009896,60.0009896,64.20398051,72.45389318,64.93071843,18.2404499,0.4392402,12.5601734,18.2404499,15.0075583,889.5423,883.9969,886.5211,888.6743,889.5423,75.6238537,64.33310196,71.59082549,75.3255221,73.91947325,94.48,3617,1173.48,3,0,0,1,0,6,1,0,0,0,0,0,1,61.66666667,10,35,37.78,8506,1,0,0,0,0,0,0,0,0,0,7,0,0,0,0,0,0,1,13.33333333,1.666666667
3618,NA,NA,NA,0,1,NA,1,0,0,1,NA,NA,1,NA,NA,0,1,NA,1,NA,NA,NA,NA,NA,NA,NA,NA,NA,NA,NA,NA,NA,NA,1,1,NA,NA,NA,NA,shen,H,1,Hist,1,2,0,1,0,0,1,0,0,0,0,1,8.084457929,-1.8077582,7.68752545,17.37221645,9.085848017,889.8630958,887.0704833,889.138,891.3564,891.8875,70.37987226,64.204875,69.92139402,75.78962719,71.60359282,-4.4814424,-4.4814424,2.3876429,16.8125059,2.4351391,884.471,884.471,886.1632,888.0402,888.2048,61.90186627,61.90186627,66.10485718,74.35476985,66.83159509,18.5673479,0.7661382,12.8870714,18.5673479,15.3344563,894.5715,889.0261,891.5503,893.7035,894.5715,77.52473036,66.23397863,73.49170215,77.22639876,75.82034991,44.188,3618,1123.188,2,0,1,0,0,1,1,1,0,0,0,0,0,86.66666667,25,56.66666667,32.56,6599,0,0,1,0,0,0,0,0,0,0,3,0,0,1,0,0,0,0,2.333333333,0
3619,NA,NA,NA,0,0,0,0,0,0,0,0,NA,0,0,0,0,0,0,0,0,NA,NA,NA,NA,NA,NA,NA,NA,NA,NA,NA,NA,NA,0,0,NA,NA,NA,NA,shen,P,3,Suit,2,2.5,0,0,1,0,0,0,1,1,0,0,8.833351529,-1.0588646,8.43641905,18.12111005,9.834741617,901.3845358,898.5919233,900.65944,902.87784,903.40894,74.73460789,68.55961063,74.27612965,80.14436283,75.95832846,-3.7325488,-3.7325488,3.1365365,17.5613995,3.1840327,895.99244,895.99244,897.68464,899.56164,899.72624,66.2566019,66.2566019,70.45959281,78.70950548,71.18633073,19.3162415,1.5150318,13.635965,19.3162415,16.0833499,906.09294,900.54754,903.07174,905.22494,906.09294,81.879466,70.58871426,77.84643779,81.5811344,80.17508555,-71.0264,3619,1007.9736,2.5,0,0,1,0,1,1,1,0,0,0,0,0,40,16.66666667,58.33333333,42.22,8523,0,0,0,1,0,0,0,0,0,0,4,0,0,0,1,0,0,0,4.666666667,1.666666667
3620,NA,NA,NA,0,0,0,0,0,0,0,0,NA,0,0,0,0,0,0,0,0,NA,NA,NA,NA,NA,NA,NA,NA,NA,NA,NA,NA,NA,0,0,NA,NA,NA,NA,shen,P,3,Suit,2,2,0,1,0,0,0,0,1,1,0,0,8.809577129,-1.082639,8.41264465,18.09733565,9.810967217,901.0187758,898.2261633,900.29368,902.51208,903.04318,74.59636232,68.42136506,74.13788408,80.00611725,75.82008288,-3.7563232,-3.7563232,3.1127621,17.5376251,3.1602583,895.62668,895.62668,897.31888,899.19588,899.36048,66.11835632,66.11835632,70.32134724,78.57125991,71.04808515,19.2924671,1.4912574,13.6121906,19.2924671,16.0595755,905.72718,900.18178,902.70598,904.85918,905.72718,81.74122042,70.45046869,77.70819221,81.44288882,80.03683997,-67.3688,3620,1011.6312,2,0,1,0,0,1,1,1,0,0,0,0,0,31.66666667,0.333333333,66.66666667,43.33,8523,0,0,0,1,0,0,0,0,0,0,4,0,0,0,1,0,0,0,5.666666667,0
3621,NA,NA,NA,0,0,0,0,0,0,0,0,NA,0,0,0,0,0,0,0,0,NA,NA,NA,NA,NA,NA,NA,NA,NA,NA,NA,NA,NA,0,0,NA,NA,NA,NA,shen,P,3,Suit,2,4,0,0,0,1,0,0,1,1,0,0,8.894768729,-0.9974474,8.49783625,18.18252725,9.896158817,902.3294158,899.5368033,901.60432,903.82272,904.35382,75.0917423,68.91674504,74.63326406,80.50149723,76.31546286,-3.6711316,-3.6711316,3.1979537,17.6228167,3.2454499,896.93732,896.93732,898.62952,900.50652,900.67112,66.6137363,66.6137363,70.81672721,79.06663989,71.54346513,19.3776587,1.576449,13.6973822,19.3776587,16.1447671,907.03782,901.49242,904.01662,906.16982,907.03782,82.2366004,70.94584867,78.20357219,81.9382688,80.53221995,-80.4752,3621,998.5248,4,0,0,0,1,4,0,0,0,0,1,0,0,33.33333333,0,0,40,8506,1,0,0,0,0,0,0,0,0,0,7,0,0,0,0,0,0,1,5.666666667,0
3622,NA,NA,NA,0,0,0,0,0,NA,0,0,NA,0,0,0,0,0,0,0,0,NA,NA,NA,NA,NA,NA,NA,NA,NA,NA,NA,NA,NA,0,0,NA,NA,NA,NA,shen,P,3,Hist,1,2,0,1,0,0,0,0,1,0,0,1,8.583720329,-1.3084958,8.18678785,17.87147885,9.585110417,897.5440558,894.7514433,896.81896,899.03736,899.56846,73.28302935,67.10803209,72.82455111,78.69278428,74.50674991,-3.98218,-3.98218,2.8869053,17.3117683,2.9344015,892.15196,892.15196,893.84416,895.72116,895.88576,64.80502336,64.80502336,69.00801427,77.25792694,69.73475218,19.0666103,1.2654006,13.3863338,19.0666103,15.8337187,902.25246,896.70706,899.23126,901.38446,902.25246,80.42788745,69.13713572,76.39485924,80.12955585,78.723507,-32.6216,3622,1046.3784,2,0,1,0,0,1,1,1,0,0,0,0,0,41.66666667,7,61.66666667,38.33,8502,0,1,0,0,0,0,0,0,0,0,4,0,0,0,1,0,0,0,4.666666667,0
3623,NA,NA,NA,0,0,0,0,0,NA,0,0,NA,0,0,0,0,0,0,0,0,NA,NA,NA,NA,NA,NA,NA,NA,NA,NA,NA,NA,NA,NA,NA,NA,NA,NA,NA,shen,H,1,Unsut,3,4,0,0,0,1,1,0,0,0,1,0,7.870488329,-2.0217278,7.47355585,17.15824685,8.871878417,886.5712558,883.7786433,885.84616,888.06456,888.59566,69.13566208,62.96066482,68.67718384,74.54541701,70.35938264,-4.695412,-4.695412,2.1736733,16.5985363,2.2211695,881.17916,881.17916,882.87136,884.74836,884.91296,60.65765609,60.65765609,64.860647,73.11055967,65.58738491,18.3533783,0.5521686,12.6731018,18.3533783,15.1204867,891.27966,885.73426,888.25846,890.41166,891.27966,76.28052018,64.98976845,72.24749197,75.98218858,74.57613973,77.1064,3623,1156.1064,4,0,0,0,1,3,0,0,0,1,0,0,0,66.66666667,0,3.333333333,21.11,8506,1,0,0,0,0,0,0,0,0,0,2,0,1,0,0,0,0,0,5,20
3624,NA,NA,NA,0,0,0,1,NA,NA,0,0,NA,0,0,0,0,0,0,0,0,NA,NA,NA,NA,NA,NA,NA,NA,NA,NA,NA,NA,NA,NA,NA,NA,NA,NA,NA,shen,H,1,Hist,1,2,0,1,0,0,1,0,0,0,0,1,7.759541129,-2.132675,7.36260865,17.04729965,8.760931217,884.8643758,882.0717633,884.13928,886.35768,886.88878,68.49051606,62.3155188,68.03203782,73.90027099,69.71423662,-4.8063592,-4.8063592,2.0627261,16.4875891,2.1102223,879.47228,879.47228,881.16448,883.04148,883.20608,60.01251007,60.01251007,64.21550098,72.46541365,64.94223889,18.2424311,0.4412214,12.5621546,18.2424311,15.0095395,889.57278,884.02738,886.55158,888.70478,889.57278,75.63537416,64.34462243,71.60234595,75.33704256,73.93099371,94.1752,3624,1173.1752,2,0,1,0,0,4,0,0,0,0,1,0,0,48.33333333,16.66666667,56.66666667,32.78,8502,0,1,0,0,0,0,0,0,0,0,7,0,0,0,0,0,0,1,11.66666667,0
3625,NA,NA,NA,0,0,0,0,0,NA,0,0,NA,0,0,0,0,0,0,0,0,NA,NA,NA,NA,NA,NA,NA,NA,NA,NA,NA,NA,NA,0,0,NA,NA,NA,NA,shen,H,1,Hist,1,3,0,0,1,0,1,0,0,0,0,1,7.872469529,-2.0197466,7.47553705,17.16022805,8.873859617,886.6017358,883.8091233,885.87664,888.09504,888.62614,69.14718254,62.97218528,68.6887043,74.55693748,70.37090311,-4.6934308,-4.6934308,2.1756545,16.6005175,2.2231507,881.20964,881.20964,882.90184,884.77884,884.94344,60.66917655,60.66917655,64.87216746,73.12208013,65.59890538,18.3553595,0.5541498,12.675083,18.3553595,15.1224679,891.31014,885.76474,888.28894,890.44214,891.31014,76.29204065,65.00128891,72.25901244,75.99370905,74.58766019,76.8016,3625,1155.8016,3,0,0,1,0,4,0,0,0,0,1,0,0,80,1,35,32.78,8506,1,0,0,0,0,0,0,0,0,0,7,0,0,0,0,0,0,1,16,8.333333333
3626,NA,NA,NA,0,0,0,0,0,NA,0,0,NA,0,0,0,0,0,0,0,0,NA,NA,NA,NA,NA,NA,NA,NA,NA,NA,NA,NA,NA,NA,NA,NA,NA,NA,NA,shen,H,1,Hist,1,3.5,0,0,0,1,1,0,0,0,0,1,8.028984329,-1.8632318,7.63205185,17.31674285,9.030374417,889.0096558,886.2170433,888.28456,890.50296,891.03406,70.05729925,63.88230199,69.59882101,75.46705418,71.28101981,-4.536916,-4.536916,2.3321693,16.7570323,2.3796655,883.61756,883.61756,885.30976,887.18676,887.35136,61.57929326,61.57929326,65.78228417,74.03219684,66.50902208,18.5118743,0.7106646,12.8315978,18.5118743,15.2789827,893.71806,888.17266,890.69686,892.85006,893.71806,77.20215735,65.91140562,73.16912914,76.90382575,75.4977769,52.7224,3626,1131.7224,3.5,0,0,0,1,3,0,0,0,1,0,0,0,88.33333333,0,31.66666667,18.33,8506,1,0,0,0,0,0,0,0,0,0,2,0,1,0,0,0,0,0,2.333333333,30
3627,NA,NA,NA,0,0,0,0,0,NA,0,0,NA,0,0,0,0,0,NA,0,0,NA,NA,NA,NA,NA,NA,NA,NA,NA,NA,NA,NA,NA,NA,NA,NA,NA,NA,NA,shen,P,3,Suit,2,2,0,1,0,0,0,0,1,1,0,0,10.16868033,0.2764642,9.77174785,19.45643885,11.17007042,921.9280558,919.1354433,921.20296,923.42136,923.95246,82.49940106,76.3244038,82.04092282,87.90915599,83.72312163,-2.39722,-2.39722,4.4718653,18.8967283,4.5193615,916.53596,916.53596,918.22816,920.10516,920.26976,74.02139507,74.02139507,78.22438598,86.47429865,78.95112389,20.6515703,2.8503606,14.9712938,20.6515703,17.4186787,926.63646,921.09106,923.61526,925.76846,926.63646,89.64425916,78.35350743,85.61123095,89.34592756,87.93987871,-276.4616,3627,802.5384,2,0,1,0,0,3,0,0,0,1,0,0,0,71.66666667,18.33333333,53.33333333,28.33,8523,0,0,0,1,0,0,0,0,0,0,4,0,0,0,1,0,0,0,2.666666667,0
3628,NA,NA,NA,0,0,0,0,0,NA,0,0,NA,0,0,0,0,0,0,0,0,NA,NA,NA,NA,NA,NA,NA,NA,NA,NA,NA,NA,NA,NA,NA,NA,NA,NA,NA,shen,P,3,Suit,2,3,0,0,1,0,0,0,1,1,0,0,10.09537593,0.2031598,9.69844345,19.38313445,11.09676602,920.8002958,918.0076833,920.0752,922.2936,922.8247,82.07314387,75.89814661,81.61466563,87.4828988,83.29686443,-2.4705244,-2.4705244,4.3985609,18.8234239,4.4460571,915.4082,915.4082,917.1004,918.9774,919.142,73.59513788,73.59513788,77.79812879,86.04804146,78.5248667,20.5782659,2.7770562,14.8979894,20.5782659,17.3453743,925.5087,919.9633,922.4875,924.6407,925.5087,89.21800197,77.92725024,85.18497376,88.91967037,87.51362152,-265.184,3628,813.816,3,0,0,1,0,3,0,0,0,1,0,0,0,53.33333333,1,21.66666667,36.67,8523,0,0,0,1,0,0,0,0,0,0,4,0,0,0,1,0,0,0,11.66666667,0
3630,NA,NA,NA,0,0,0,0,0,NA,0,0,NA,0,0,0,0,0,NA,0,0,NA,NA,NA,NA,NA,NA,NA,NA,NA,NA,NA,NA,NA,NA,NA,NA,NA,NA,NA,shen,P,3,Suit,2,2,0,1,0,0,0,0,1,1,0,0,9.716966729,-0.1752494,9.32003425,19.00472525,10.71835682,914.9786158,912.1860033,914.25352,916.47192,917.00302,79.87273512,73.69773786,79.41425688,85.28249006,81.09645569,-2.8489336,-2.8489336,4.0201517,18.4450147,4.0676479,909.58652,909.58652,911.27872,913.15572,913.32032,71.39472913,71.39472913,75.59772004,83.84763271,76.32445796,20.1998567,2.398647,14.5195802,20.1998567,16.9669651,919.68702,914.14162,916.66582,918.81902,919.68702,87.01759323,75.72684149,82.98456502,86.71926163,85.31321277,-206.9672,3630,872.0328,2,0,1,0,0,3,0,0,0,1,0,0,0,48.33333333,11.66666667,50,36.11,6057,0,0,0,0,0,0,1,0,0,0,4,0,0,0,1,0,0,0,6.666666667,0
3631,NA,NA,NA,0,0,0,0,0,NA,1,NA,NA,0,0,0,0,0,0,0,0,NA,NA,NA,NA,NA,NA,NA,NA,NA,NA,NA,NA,NA,NA,NA,NA,NA,NA,NA,shen,H,1,Hist,1,3.5,0,0,0,1,1,0,0,0,0,1,8.880900329,-1.0113158,8.48396785,18.16865885,9.882290417,902.1160558,899.3234433,901.39096,903.60936,904.14046,75.01109904,68.83610178,74.5526208,80.42085398,76.23481961,-3.685,-3.685,3.1840853,17.6089483,3.2315815,896.72396,896.72396,898.41616,900.29316,900.45776,66.53309305,66.53309305,70.73608396,78.98599664,71.46282188,19.3637903,1.5625806,13.6835138,19.3637903,16.1308987,906.82446,901.27906,903.80326,905.95646,906.82446,82.15595715,70.86520541,78.12292894,81.85762555,80.4515767,-78.3416,3631,1000.6584,3.5,0,0,0,1,1,1,1,0,0,0,0,0,48.33333333,0,5,35.56,8502,0,1,0,0,0,0,0,0,0,0,1,1,0,0,0,0,0,0,13.33333333,2.5
3632,NA,NA,NA,0,0,0,0,0,NA,0,0,NA,0,0,0,0,0,0,0,0,NA,NA,NA,NA,NA,NA,NA,NA,NA,NA,NA,NA,NA,NA,NA,NA,NA,NA,NA,shen,H,1,Unsut,3,4,0,0,0,1,1,0,0,0,1,0,7.751616329,-2.1405998,7.35468385,17.03937485,8.753006417,884.7424558,881.9498433,884.01736,886.23576,886.76686,68.4444342,62.26943694,67.98595596,73.85418913,69.66815476,-4.814284,-4.814284,2.0548013,16.4796643,2.1022975,879.35036,879.35036,881.04256,882.91956,883.08416,59.96642821,59.96642821,64.16941912,72.41933179,64.89615703,18.2345063,0.4332966,12.5542298,18.2345063,15.0016147,889.45086,883.90546,886.42966,888.58286,889.45086,75.5892923,64.29854057,71.55626409,75.2909607,73.88491185,95.3944,3632,1174.3944,4,0,0,0,1,3,0,0,0,1,0,0,0,68.33333333,0,10,20,8506,1,0,0,0,0,0,0,0,0,0,2,0,1,0,0,0,0,0,13.33333333,23.33333333
3633,NA,NA,NA,0,0,0,0,0,NA,0,0,NA,0,0,0,0,0,0,0,0,NA,NA,NA,NA,NA,NA,NA,NA,NA,NA,NA,NA,NA,NA,NA,NA,NA,NA,NA,shen,H,1,Unsut,3,2,0,1,0,0,1,0,0,0,1,0,7.975491929,-1.9167242,7.57855945,17.26325045,8.976882017,888.1866958,885.3940833,887.4616,889.68,890.2111,69.7462467,63.57124944,69.28776846,75.15600164,70.96996727,-4.5904084,-4.5904084,2.2786769,16.7035399,2.3261731,882.7946,882.7946,884.4868,886.3638,886.5284,61.26824071,61.26824071,65.47123162,73.7211443,66.19796954,18.4583819,0.6571722,12.7781054,18.4583819,15.2254903,892.8951,887.3497,889.8739,892.0271,892.8951,76.89110481,65.60035307,72.8580766,76.59277321,75.18672436,60.952,3633,1139.952,2,0,1,0,0,3,0,0,0,1,0,0,0,61.66666667,11.66666667,66.66666667,52.5,8506,1,0,0,0,0,0,0,0,0,0,7,0,0,0,0,0,0,1,1,1.666666667
3634,NA,NA,NA,0,1,NA,1,NA,NA,0,0,NA,0,0,0,0,0,0,0,0,NA,NA,NA,NA,NA,NA,NA,NA,NA,NA,NA,NA,NA,NA,NA,NA,NA,NA,NA,shen,H,1,Hist,1,3,0,0,1,0,1,0,0,0,0,1,8.439092729,-1.4531234,8.04216025,17.72685125,9.440482817,895.3190158,892.5264033,894.59392,896.81232,897.34342,72.44203543,66.26703817,71.98355719,77.85179036,73.66575599,-4.1268076,-4.1268076,2.7422777,17.1671407,2.7897739,889.92692,889.92692,891.61912,893.49612,893.66072,63.96402944,63.96402944,68.16702035,76.41693302,68.89375826,18.9219827,1.120773,13.2417062,18.9219827,15.6890911,900.02742,894.48202,897.00622,899.15942,900.02742,79.58689353,68.2961418,75.55386532,79.28856193,77.88251308,-10.3712,3634,1068.6288,3,0,0,1,0,3,0,0,0,1,0,0,0,61.66666667,9.333333333,26.66666667,22.78,8518,0,0,0,0,1,0,0,0,0,0,3,0,0,1,0,0,0,0,7.666666667,3.333333333
3635,NA,NA,NA,0,1,NA,1,NA,NA,0,0,NA,0,0,1,1,NA,NA,0,0,NA,NA,NA,NA,NA,NA,NA,NA,NA,NA,NA,NA,NA,NA,NA,NA,NA,NA,NA,shen,H,1,Hist,1,3,0,0,1,0,1,0,0,0,0,1,8.472773129,-1.419443,8.07584065,17.76053165,9.474163217,895.8371758,893.0445633,895.11208,897.33048,897.86158,72.63788333,66.46288607,72.17940509,78.04763826,73.86160389,-4.0931272,-4.0931272,2.7759581,17.2008211,2.8234543,890.44508,890.44508,892.13728,894.01428,894.17888,64.15987734,64.15987734,68.36286825,76.61278092,69.08960616,18.9556631,1.1544534,13.2753866,18.9556631,15.7227715,900.54558,895.00018,897.52438,899.67758,900.54558,79.78274143,68.4919897,75.74971322,79.48440983,78.07836098,-15.5528,3635,1063.4472,3,0,0,1,0,3,0,0,0,1,0,0,0,63.33333333,1,26.66666667,19.44,8518,0,0,0,0,1,0,0,0,0,0,3,0,0,1,0,0,0,0,9,0
3636,NA,NA,NA,0,1,NA,0,0,NA,0,0,NA,0,0,0,0,0,0,0,0,NA,NA,NA,NA,NA,NA,NA,NA,NA,NA,NA,NA,NA,NA,NA,NA,NA,NA,NA,shen,H,1,Hist,1,3.75,0,0,0,1,1,0,0,0,0,1,8.827407929,-1.0648082,8.43047545,18.11516645,9.828798017,901.2930958,898.5004833,900.568,902.7864,903.3175,74.7000465,68.52504924,74.24156826,80.10980143,75.92376706,-3.7384924,-3.7384924,3.1305929,17.5554559,3.1780891,895.901,895.901,897.5932,899.4702,899.6348,66.22204051,66.22204051,70.42503142,78.67494409,71.15176933,19.3102979,1.5090882,13.6300214,19.3102979,16.0774063,906.0015,900.4561,902.9803,905.1335,906.0015,81.8449046,70.55415287,77.81187639,81.546573,80.14052415,-70.112,3636,1008.888,3.75,0,0,0,1,2,1,0,1,0,0,0,0,68.33333333,3.333333333,13.33333333,26.67,6237,0,0,0,0,0,1,0,0,0,0,1,1,0,0,0,0,0,0,3.666666667,5
3637,NA,NA,NA,1,NA,NA,1,NA,NA,1,NA,NA,1,NA,NA,0,1,NA,1,NA,NA,NA,NA,NA,NA,NA,NA,NA,NA,NA,NA,NA,NA,1,0,NA,NA,NA,NA,shen,H,1,Hist,1,3,0,0,1,0,1,0,0,0,0,1,8.950242329,-0.9419738,8.55330985,18.23800085,9.951632417,903.1828558,900.3902433,902.45776,904.67616,905.20726,75.41431531,69.23931805,74.95583706,80.82407024,76.63803587,-3.615658,-3.615658,3.2534273,17.6782903,3.3009235,897.79076,897.79076,899.48296,901.35996,901.52456,66.93630931,66.93630931,71.13930022,79.3892129,71.86603814,19.4331323,1.6319226,13.7528558,19.4331323,16.2002407,907.89126,902.34586,904.87006,907.02326,907.89126,82.55917341,71.26842168,78.5261452,82.26084181,80.85479296,-89.0096,3637,989.9904,3,0,0,1,0,2,1,0,1,0,0,0,0,60,3.333333333,20,68.33,8528,0,0,0,0,0,0,0,1,0,0,1,1,0,0,0,0,0,0,16.66666667,0
3638,NA,NA,NA,0,0,0,0,0,NA,0,0,NA,0,0,0,0,0,0,0,0,NA,NA,NA,NA,NA,NA,NA,NA,NA,NA,NA,NA,NA,NA,NA,NA,NA,NA,NA,shen,P,3,Suit,2,2.5,0,0,1,0,0,0,1,1,0,0,8.724385529,-1.1678306,8.32745305,18.01214405,9.725775617,899.7081358,896.9155233,898.98304,901.20144,901.73254,74.10098234,67.92598508,73.6425041,79.51073727,75.3247029,-3.8415148,-3.8415148,3.0275705,17.4524335,3.0750667,894.31604,894.31604,896.00824,897.88524,898.04984,65.62297635,65.62297635,69.82596726,78.07587993,70.55270517,19.2072755,1.4060658,13.526999,19.2072755,15.9743839,904.41654,898.87114,901.39534,903.54854,904.41654,81.24584044,69.95508871,77.21281223,80.94750884,79.54145999,-54.2624,3638,1024.7376,2.5,0,0,1,0,2,1,0,1,0,0,0,0,43.33333333,0,20,16.11,6669,0,0,0,0,0,0,0,0,1,0,4,0,0,0,1,0,0,0,6.333333333,0
3639,NA,NA,NA,0,0,0,0,0,0,0,0,NA,0,0,0,0,0,0,0,0,NA,NA,NA,NA,NA,NA,NA,NA,NA,NA,NA,NA,NA,NA,NA,NA,NA,NA,NA,shen,S,2,Hist,1,2.5,0,0,1,0,0,1,0,0,0,1,8.956185929,-0.9360302,8.55925345,18.24394445,9.957576017,903.2742958,900.4816833,902.5492,904.7676,905.2987,75.4488767,69.27387944,74.99039846,80.85863163,76.67259727,-3.6097144,-3.6097144,3.2593709,17.6842339,3.3068671,897.8822,897.8822,899.5744,901.4514,901.616,66.97087071,66.97087071,71.17386162,79.42377429,71.90059954,19.4390759,1.6378662,13.7587994,19.4390759,16.2061843,907.9827,902.4373,904.9615,907.1147,907.9827,82.5937348,71.30298307,78.56070659,82.2954032,80.88935435,-89.924,3639,989.076,2.5,0,0,1,0,3,0,0,0,1,0,0,0,56.66666667,20,46.66666667,25,8528,0,0,0,0,0,0,0,1,0,0,7,0,0,0,0,0,0,1,6.666666667,0
3640,NA,NA,NA,0,0,0,0,1,NA,0,0,NA,0,0,0,0,0,0,0,0,NA,NA,NA,NA,NA,NA,NA,NA,NA,NA,NA,NA,NA,0,0,NA,NA,NA,NA,shen,P,3,Hist,1,2.5,0,0,1,0,0,0,1,0,0,1,8.456923529,-1.4352926,8.05999105,17.74468205,9.458313617,895.5933358,892.8007233,894.86824,897.08664,897.61774,72.54571961,66.37072235,72.08724137,77.95547454,73.76944018,-4.1089768,-4.1089768,2.7601085,17.1849715,2.8076047,890.20124,890.20124,891.89344,893.77044,893.93504,64.06771362,64.06771362,68.27070453,76.5206172,68.99744245,18.9398135,1.1386038,13.259537,18.9398135,15.7069219,900.30174,894.75634,897.28054,899.43374,900.30174,79.69057772,68.39982598,75.6575495,79.39224612,77.98619726,-13.1144,3640,1065.8856,2.5,0,0,1,0,2,1,0,1,0,0,0,0,51.66666667,0,25,35,8506,1,0,0,0,0,0,0,0,0,0,4,0,0,0,1,0,0,0,6,0
3642,NA,NA,NA,0,0,0,0,0,NA,0,0,0,0,0,0,0,0,0,0,0,NA,NA,NA,NA,NA,NA,NA,NA,NA,NA,NA,NA,NA,0,0,NA,NA,NA,NA,shen,P,3,Suit,2,2,0,1,0,0,0,0,1,1,0,0,8.197386329,-1.6948298,7.80045385,17.48514485,9.198776417,891.6004558,888.8078433,890.87536,893.09376,893.62486,71.03653874,64.86154148,70.5780605,76.44629368,72.26025931,-4.368514,-4.368514,2.5005713,16.9254343,2.5480675,886.20836,886.20836,887.90056,889.77756,889.94216,62.55853275,62.55853275,66.76152366,75.01143633,67.48826158,18.6802763,0.8790666,12.9999998,18.6802763,15.4473847,896.30886,890.76346,893.28766,895.44086,896.30886,78.18139685,66.89064511,74.14836864,77.88306525,76.4770164,26.8144,3642,1105.8144,2,0,1,0,0,2,1,0,1,0,0,0,0,61.66666667,10,33.33333333,27.22,8504,0,0,0,0,0,0,0,0,0,1,4,0,0,0,1,0,0,0,6.666666667,0
3643,NA,NA,NA,0,0,0,0,0,0,0,0,NA,0,0,0,0,0,0,0,0,NA,NA,NA,NA,NA,NA,NA,NA,NA,NA,NA,NA,NA,NA,NA,NA,NA,NA,NA,shen,P,3,Unsut,3,2.75,0,0,1,0,0,0,1,0,1,0,8.787783929,-1.1044322,8.39085145,18.07554245,9.789174017,900.6834958,897.8908833,899.9584,902.1768,902.7079,74.46963721,68.29463995,74.01115896,79.87939214,75.69335777,-3.7781164,-3.7781164,3.0909689,17.5158319,3.1384651,895.2914,895.2914,896.9836,898.8606,899.0252,65.99163121,65.99163121,70.19462212,78.4445348,70.92136004,19.2706739,1.4694642,13.5903974,19.2706739,16.0377823,905.3919,899.8465,902.3707,904.5239,905.3919,81.61449531,70.32374358,77.5814671,81.31616371,79.91011486,-64.016,3643,1014.984,2.75,0,0,1,0,4,0,0,0,0,1,0,0,65,0,25,25.56,8506,1,0,0,0,0,0,0,0,0,0,7,0,0,0,0,0,0,1,11.66666667,0
3644,NA,NA,NA,0,0,0,0,0,0,0,0,NA,0,0,0,0,0,0,0,0,NA,NA,NA,NA,NA,NA,NA,NA,NA,NA,NA,NA,NA,NA,NA,NA,NA,NA,NA,shen,P,3,Suit,2,2,0,1,0,0,0,0,1,1,0,0,9.001753529,-0.8904626,8.60482105,18.28951205,10.00314362,903.9753358,901.1827233,903.25024,905.46864,905.99974,75.71384739,69.53885013,75.25536915,81.12360232,76.93756795,-3.5641468,-3.5641468,3.3049385,17.7298015,3.3524347,898.58324,898.58324,900.27544,902.15244,902.31704,67.2358414,67.2358414,71.43883231,79.68874498,72.16557022,19.4846435,1.6834338,13.804367,19.4846435,16.2517519,908.68374,903.13834,905.66254,907.81574,908.68374,82.85870549,71.56795376,78.82567728,82.56037389,81.15432504,-96.9344,3644,982.0656,2,0,1,0,0,1,1,1,0,0,0,0,0,36.66666667,0.666666667,56.66666667,26.67,8523,0,0,0,1,0,0,0,0,0,0,4,0,0,0,1,0,0,0,6.666666667,8.333333333
3645,NA,NA,NA,0,0,0,0,1,NA,0,1,NA,0,0,0,0,0,0,0,0,NA,NA,NA,NA,NA,NA,NA,NA,NA,NA,NA,NA,NA,NA,NA,NA,NA,NA,NA,shen,P,3,Hist,1,2,0,1,0,0,0,0,1,0,0,1,8.728347929,-1.1638682,8.33141545,18.01610645,9.729738017,899.7690958,896.9764833,899.044,901.2624,901.7935,74.12402327,67.94902601,73.66554503,79.5337782,75.34774383,-3.8375524,-3.8375524,3.0315329,17.4563959,3.0790291,894.377,894.377,896.0692,897.9462,898.1108,65.64601727,65.64601727,69.84900818,78.09892086,70.5757461,19.2112379,1.4100282,13.5309614,19.2112379,15.9783463,904.4775,898.9321,901.4563,903.6095,904.4775,81.26888137,69.97812964,77.23585316,80.97054977,79.56450092,-54.872,3645,1024.128,2,0,1,0,0,2,1,0,1,0,0,0,0,60,21.66666667,63.33333333,27.78,8502,0,1,0,0,0,0,0,0,0,0,4,0,0,0,1,0,0,0,11.66666667,0
3646,NA,NA,NA,0,0,0,0,0,NA,0,0,NA,0,0,0,0,0,NA,0,0,NA,NA,NA,NA,NA,NA,NA,NA,NA,NA,NA,NA,NA,NA,NA,NA,NA,NA,NA,shen,P,3,Suit,2,3.5,0,0,0,1,0,0,1,1,0,0,9.493091129,-0.399125,9.09615865,18.78084965,10.49448122,911.5343758,908.7417633,910.80928,913.02768,913.55878,78.57092262,72.39592536,78.11244438,83.98067755,79.79464318,-3.0728092,-3.0728092,3.7962761,18.2211391,3.8437723,906.14228,906.14228,907.83448,909.71148,909.87608,70.09291663,70.09291663,74.29590754,82.54582021,75.02264545,19.9759811,2.1747714,14.2957046,19.9759811,16.7430895,916.24278,910.69738,913.22158,915.37478,916.24278,85.71578072,74.42502899,81.68275251,85.41744912,84.01140027,-172.5248,3646,906.4752,3.5,0,0,0,1,2,1,0,1,0,0,0,0,50,13.33333333,56.66666667,21.11,6057,0,0,0,0,0,0,1,0,0,0,4,0,0,0,1,0,0,0,12.66666667,0
3647,NA,NA,NA,0,0,0,0,0,0,0,0,NA,0,0,0,0,0,0,0,0,NA,NA,NA,NA,NA,NA,NA,NA,NA,NA,NA,NA,NA,NA,NA,NA,NA,NA,NA,shen,P,3,Unsut,3,2.5,0,0,1,0,0,0,1,0,1,0,8.456923529,-1.4352926,8.05999105,17.74468205,9.458313617,895.5933358,892.8007233,894.86824,897.08664,897.61774,72.54571961,66.37072235,72.08724137,77.95547454,73.76944018,-4.1089768,-4.1089768,2.7601085,17.1849715,2.8076047,890.20124,890.20124,891.89344,893.77044,893.93504,64.06771362,64.06771362,68.27070453,76.5206172,68.99744245,18.9398135,1.1386038,13.259537,18.9398135,15.7069219,900.30174,894.75634,897.28054,899.43374,900.30174,79.69057772,68.39982598,75.6575495,79.39224612,77.98619726,-13.1144,3647,1065.8856,2.5,0,0,1,0,6,1,0,0,0,0,0,1,55,0.333333333,55,27.5,8523,0,0,0,1,0,0,0,0,0,0,7,0,0,0,0,0,0,1,5,1.666666667
3648,NA,NA,NA,0,0,0,0,0,0,0,0,NA,0,0,0,0,0,0,0,0,NA,NA,NA,NA,NA,NA,NA,NA,NA,NA,NA,NA,NA,NA,NA,NA,NA,NA,NA,shen,P,3,Hist,1,2.5,0,0,1,0,0,0,1,0,0,1,8.460885929,-1.4313302,8.06395345,17.74864445,9.462276017,895.6542958,892.8616833,894.9292,897.1476,897.6787,72.56876054,66.39376328,72.1102823,77.97851547,73.79248111,-4.1050144,-4.1050144,2.7640709,17.1889339,2.8115671,890.2622,890.2622,891.9544,893.8314,893.996,64.09075455,64.09075455,68.29374546,76.54365813,69.02048338,18.9437759,1.1425662,13.2634994,18.9437759,15.7108843,900.3627,894.8173,897.3415,899.4947,900.3627,79.71361864,68.42286691,75.68059043,79.41528704,78.00923819,-13.724,3648,1065.276,2.5,0,0,1,0,2,1,0,1,0,0,0,0,58.33333333,15,33.33333333,34.44,8506,1,0,0,0,0,0,0,0,0,0,4,0,0,0,1,0,0,0,7,0
3649,NA,NA,NA,1,0,1,0,0,0,1,1,NA,0,1,0,0,0,0,0,1,NA,NA,NA,NA,NA,NA,NA,NA,NA,NA,NA,NA,NA,NA,NA,NA,NA,NA,NA,shen,P,3,Hist,1,2,0,1,0,0,0,0,1,0,0,1,8.478716729,-1.4134994,8.08178425,17.76647525,9.480106817,895.9286158,893.1360033,895.20352,897.42192,897.95302,72.67244472,66.49744746,72.21396648,78.08219966,73.89616529,-4.0871836,-4.0871836,2.7819017,17.2067647,2.8293979,890.53652,890.53652,892.22872,894.10572,894.27032,64.19443873,64.19443873,68.39742964,76.64734231,69.12416756,18.9616067,1.160397,13.2813302,18.9616067,15.7287151,900.63702,895.09162,897.61582,899.76902,900.63702,79.81730283,68.52655109,75.78427462,79.51897123,78.11292237,-16.4672,3649,1062.5328,2,0,1,0,0,2,1,0,1,0,0,0,0,56.66666667,66.66666667,90,27.22,8502,0,1,0,0,0,0,0,0,0,0,4,0,0,0,1,0,0,0,5,0
3650,NA,NA,NA,0,0,0,0,1,1,1,0,NA,0,1,0,1,0,1,0,1,NA,NA,NA,NA,NA,NA,NA,NA,NA,NA,NA,NA,NA,0,0,NA,NA,NA,NA,shen,P,3,Hist,1,2,0,1,0,0,0,0,1,0,0,1,8.706554729,-1.1856614,8.30962225,17.99431325,9.707944817,899.4338158,896.6412033,898.70872,900.92712,901.45822,73.99729816,67.8223009,73.53881991,79.40705309,75.22101872,-3.8593456,-3.8593456,3.0097397,17.4346027,3.0572359,894.04172,894.04172,895.73392,897.61092,897.77552,65.51929216,65.51929216,69.72228307,77.97219575,70.44902099,19.1894447,1.388235,13.5091682,19.1894447,15.9565531,904.14222,898.59682,901.12102,903.27422,904.14222,81.14215626,69.85140453,77.10912805,80.84382466,79.43777581,-51.5192,3650,1027.4808,2,0,1,0,0,2,1,0,1,0,0,0,0,63.33333333,70,88.33333333,30,8502,0,1,0,0,0,0,0,0,0,0,4,0,0,0,1,0,0,0,3,0
3652,NA,NA,NA,0,0,0,0,0,NA,0,0,NA,0,0,0,0,0,NA,0,0,NA,NA,NA,NA,NA,NA,NA,NA,NA,NA,NA,NA,NA,NA,NA,NA,NA,NA,NA,shen,P,3,Suit,2,2,0,1,0,0,0,0,1,1,0,0,9.887349929,-0.0048662,9.49041745,19.17510845,10.88874002,917.5998958,914.8072833,916.8748,919.0932,919.6243,80.86349508,74.68849782,80.40501684,86.27325001,82.08721565,-2.6785504,-2.6785504,4.1905349,18.6153979,4.2380311,912.2078,912.2078,913.9,915.777,915.9416,72.38548909,72.38548909,76.58848,84.83839267,77.31521792,20.3702399,2.5690302,14.6899634,20.3702399,17.1373483,922.3083,916.7629,919.2871,921.4403,922.3083,88.00835319,76.71760145,83.97532497,87.71002159,86.30397273,-233.18,3652,845.82,2,0,1,0,0,3,0,0,0,1,0,0,0,51.66666667,8.666666667,65,18.33,6057,0,0,0,0,0,0,1,0,0,0,4,0,0,0,1,0,0,0,2.333333333,0
3653,NA,NA,NA,1,0,0,1,1,0,1,1,NA,1,1,NA,1,1,1,0,1,NA,NA,NA,NA,NA,NA,NA,NA,NA,NA,NA,NA,NA,NA,NA,NA,NA,NA,NA,shen,P,3,Hist,1,2,0,1,0,0,0,0,1,0,0,1,8.649099929,-1.2431162,8.25216745,17.93685845,9.650490017,898.5498958,895.7572833,897.8248,900.0432,900.5743,73.66320468,67.48820742,73.20472644,79.07295961,74.88692525,-3.9168004,-3.9168004,2.9522849,17.3771479,2.9997811,893.1578,893.1578,894.85,896.727,896.8916,65.18519869,65.18519869,69.3881896,77.63810227,70.11492752,19.1319899,1.3307802,13.4517134,19.1319899,15.8990983,903.2583,897.7129,900.2371,902.3903,903.2583,80.80806279,69.51731105,76.77503457,80.50973119,79.10368233,-42.68,3653,1036.32,2,0,1,0,0,2,1,0,1,0,0,0,0,55,11.66666667,36.66666667,40,8502,0,1,0,0,0,0,0,0,0,0,4,0,0,0,1,0,0,0,8.333333333,0
3654,NA,NA,NA,0,0,0,0,0,NA,0,0,NA,0,0,0,0,0,0,0,0,NA,NA,NA,NA,NA,NA,NA,NA,NA,NA,NA,NA,NA,0,0,NA,NA,NA,NA,shen,H,1,Unsut,3,4,0,0,0,1,1,0,0,0,1,0,8.540133929,-1.3520822,8.14320145,17.82789245,9.541524017,896.8734958,894.0808833,896.1484,898.3668,898.8979,73.02957913,66.85458187,72.57110088,78.43933406,74.25329969,-4.0257664,-4.0257664,2.8433189,17.2681819,2.8908151,891.4814,891.4814,893.1736,895.0506,895.2152,64.55157313,64.55157313,68.75456404,77.00447672,69.48130196,19.0230239,1.2218142,13.3427474,19.0230239,15.7901323,901.5819,896.0365,898.5607,900.7139,901.5819,80.17443723,68.8836855,76.14140902,79.87610563,78.47005678,-25.916,3654,1053.084,4,0,0,0,1,6,1,0,0,0,0,0,1,46.66666667,0,0.333333333,51.11,8506,1,0,0,0,0,0,0,0,0,0,3,0,0,1,0,0,0,0,3,0
3655,NA,NA,NA,0,0,0,0,0,NA,0,0,NA,0,0,0,0,0,0,0,0,NA,NA,NA,NA,NA,NA,NA,NA,NA,NA,NA,NA,NA,NA,NA,NA,NA,NA,NA,shen,P,3,Suit,2,2,0,1,0,0,0,0,1,1,0,0,9.221666729,-0.6705494,8.82473425,18.50942525,10.22305682,907.3586158,904.5660033,906.63352,908.85192,909.38302,76.99261896,70.8176217,76.53414072,82.4023739,78.21633953,-3.3442336,-3.3442336,3.5248517,17.9497147,3.5723479,901.96652,901.96652,903.65872,905.53572,905.70032,68.51461297,68.51461297,72.71760388,80.96751655,73.4443418,19.7045567,1.903347,14.0242802,19.7045567,16.4716651,912.06702,906.52162,909.04582,911.19902,912.06702,84.13747707,72.84672533,80.10444886,83.83914547,82.43309661,-130.7672,3655,948.2328,2,0,1,0,0,3,0,0,0,1,0,0,0,46.66666667,1.333333333,60,32.22,8523,0,0,0,1,0,0,0,0,0,0,4,0,0,0,1,0,0,0,5.166666667,1.666666667
3656,NA,NA,NA,0,0,0,0,0,NA,0,0,NA,0,0,0,0,0,NA,0,0,NA,NA,NA,NA,NA,NA,NA,NA,NA,NA,NA,NA,NA,0,0,NA,NA,NA,NA,shen,P,3,Suit,2,3,0,0,1,0,0,0,1,1,0,0,9.598094729,-0.2941214,9.20116225,18.88585325,10.59948482,913.1498158,910.3572033,912.42472,914.64312,915.17422,79.18150724,73.00650998,78.723029,84.59126218,80.40522781,-2.9678056,-2.9678056,3.9012797,18.3261427,3.9487759,907.75772,907.75772,909.44992,911.32692,911.49152,70.70350125,70.70350125,74.90649216,83.15640484,75.63323008,20.0809847,2.279775,14.4007082,20.0809847,16.8480931,917.85822,912.31282,914.83702,916.99022,917.85822,86.32636535,75.03561361,82.29333714,86.02803375,84.6219849,-188.6792,3656,890.3208,3,0,0,1,0,3,0,0,0,1,0,0,0,40,0,26.66666667,28.89,8523,0,0,0,1,0,0,0,0,0,0,4,0,0,0,1,0,0,0,10,0
3657,NA,NA,NA,0,0,0,0,0,NA,0,0,0,0,0,0,0,0,0,0,0,NA,NA,NA,NA,NA,NA,NA,NA,NA,NA,NA,NA,NA,NA,NA,NA,NA,NA,NA,shen,H,1,Suit,2,2,0,1,0,0,1,0,0,1,0,0,8.740235129,-1.151981,8.34330265,18.02799365,9.741625217,899.9519758,897.1593633,899.22688,901.44528,901.97638,74.19314605,68.01814879,73.73466781,79.60290099,75.41686662,-3.8256652,-3.8256652,3.0434201,17.4682831,3.0909163,894.55988,894.55988,896.25208,898.12908,898.29368,65.71514006,65.71514006,69.91813097,78.16804365,70.64486889,19.2231251,1.4219154,13.5428486,19.2231251,15.9902335,904.66038,899.11498,901.63918,903.79238,904.66038,81.33800416,70.04725242,77.30497595,81.03967256,79.63362371,-56.7008,3657,1022.2992,2,0,1,0,0,1,1,1,0,0,0,0,0,56.66666667,0,25,24.44,8502,0,1,0,0,0,0,0,0,0,0,4,0,0,0,1,0,0,0,12.33333333,21.66666667
3658,NA,NA,NA,0,0,0,0,0,0,0,0,NA,0,0,0,0,0,0,0,0,NA,NA,NA,NA,NA,NA,NA,NA,NA,NA,NA,NA,NA,0,0,NA,NA,NA,NA,shen,S,2,Suit,2,1,1,0,0,0,0,1,0,1,0,0,9.231572729,-0.6606434,8.83464025,18.51933125,10.23296282,907.5110158,904.7184033,906.78592,909.00432,909.53542,77.05022128,70.87522403,76.59174304,82.45997622,78.27394185,-3.3343276,-3.3343276,3.5347577,17.9596207,3.5822539,902.11892,902.11892,903.81112,905.68812,905.85272,68.57221529,68.57221529,72.7752062,81.02511888,73.50194412,19.7144627,1.913253,14.0341862,19.7144627,16.4815711,912.21942,906.67402,909.19822,911.35142,912.21942,84.19507939,72.90432766,80.16205118,83.89674779,82.49069894,-132.2912,3658,946.7088,1,1,0,0,0,2,1,0,1,0,0,0,0,63.33333333,2.333333333,65,5.22,8523,0,0,0,1,0,0,0,0,0,0,4,0,0,0,1,0,0,0,8.666666667,0
3659,NA,NA,NA,0,0,0,0,0,NA,1,0,NA,1,1,1,0,1,0,0,0,NA,NA,NA,NA,NA,NA,NA,NA,NA,NA,NA,NA,NA,NA,NA,NA,NA,NA,NA,shen,S,2,Hist,1,2,0,1,0,0,0,1,0,0,0,1,8.765990729,-1.1262254,8.36905825,18.05374925,9.767380817,900.3482158,897.5556033,899.62312,901.84152,902.37262,74.34291209,68.16791483,73.88443385,79.75266703,75.56663266,-3.7999096,-3.7999096,3.0691757,17.4940387,3.1166719,894.95612,894.95612,896.64832,898.52532,898.68992,65.8649061,65.8649061,70.06789701,78.31780969,70.79463493,19.2488807,1.447671,13.5686042,19.2488807,16.0159891,905.05662,899.51122,902.03542,904.18862,905.05662,81.4877702,70.19701847,77.45474199,81.1894386,79.78338975,-60.6632,3659,1018.3368,2,0,1,0,0,4,0,0,0,0,1,0,0,88.33333333,35,76.66666667,4.78,8502,0,1,0,0,0,0,0,0,0,0,7,0,0,0,0,0,0,1,5.333333333,0
3660,NA,NA,NA,1,0,0,0,0,0,1,0,NA,1,1,0,0,0,0,0,0,NA,NA,NA,NA,NA,NA,NA,NA,NA,NA,NA,NA,NA,0,1,NA,NA,NA,NA,shen,S,2,Suit,2,1.5,0,1,0,0,0,1,0,1,0,0,8.829389129,-1.062827,8.43245665,18.11714765,9.830779217,901.3235758,898.5309633,900.59848,902.81688,903.34798,74.71156696,68.5365697,74.25308872,80.1213219,75.93528753,-3.7365112,-3.7365112,3.1325741,17.5574371,3.1800703,895.93148,895.93148,897.62368,899.50068,899.66528,66.23356097,66.23356097,70.43655188,78.68646456,71.1632898,19.3122791,1.5110694,13.6320026,19.3122791,16.0793875,906.03198,900.48658,903.01078,905.16398,906.03198,81.85642507,70.56567333,77.82339686,81.55809347,80.15204462,-70.4168,3660,1008.5832,1.5,0,1,0,0,2,1,0,1,0,0,0,0,37.5,0,87.5,17.5,8504,0,0,0,0,0,0,0,0,0,1,3,0,0,1,0,0,0,0,1,0
3661,NA,NA,NA,1,1,0,1,1,1,1,1,NA,1,1,NA,1,0,0,1,0,NA,NA,NA,NA,NA,NA,NA,NA,NA,NA,NA,NA,NA,1,1,NA,NA,NA,NA,shen,S,2,Hist,1,2.5,0,0,1,0,0,1,0,0,0,1,8.554002329,-1.3382138,8.15706985,17.84176085,9.555392417,897.0868558,894.2942433,896.36176,898.58016,899.11126,73.11022238,66.93522512,72.65174414,78.51997731,74.33394294,-4.011898,-4.011898,2.8571873,17.2820503,2.9046835,891.69476,891.69476,893.38696,895.26396,895.42856,64.63221639,64.63221639,68.8352073,77.08511997,69.56194521,19.0368923,1.2356826,13.3566158,19.0368923,15.8040007,901.79526,896.24986,898.77406,900.92726,901.79526,80.25508048,68.96432875,76.22205227,79.95674888,78.55070003,-28.0496,3661,1050.9504,2.5,0,0,1,0,2,1,0,1,0,0,0,0,60,25,57.5,55,8502,0,1,0,0,0,0,0,0,0,0,4,0,0,0,1,0,0,0,5,0
3662,NA,NA,NA,1,1,0,0,0,0,1,NA,NA,1,NA,NA,0,0,0,0,0,NA,NA,NA,NA,NA,NA,NA,NA,NA,NA,NA,NA,NA,0,0,NA,NA,NA,NA,shen,S,2,Hist,1,2.5,0,0,1,0,0,1,0,0,0,1,9.124587929,-0.7676282,8.72765545,18.41234645,10.12597802,905.8650958,903.0724833,905.14,907.3584,907.8895,76.42811619,70.25311893,75.96963795,81.83787113,77.65183676,-3.4413124,-3.4413124,3.4277729,17.8526359,3.4752691,900.473,900.473,902.1652,904.0422,904.2068,67.9501102,67.9501102,72.15310111,80.40301379,72.87983903,19.6074779,1.8062682,13.9272014,19.6074779,16.3745863,910.5735,905.0281,907.5523,909.7055,910.5735,83.5729743,72.28222257,79.53994609,83.2746427,81.86859385,-115.832,3662,963.168,2.5,0,0,1,0,2,1,0,1,0,0,0,0,21.66666667,25,40,28.33,8502,0,1,0,0,0,0,0,0,0,0,7,0,0,0,0,0,0,1,10,0
3663,NA,NA,NA,0,0,0,0,0,1,1,0,NA,0,0,0,0,0,0,0,0,NA,NA,NA,NA,NA,NA,NA,NA,NA,NA,NA,NA,NA,0,0,NA,NA,NA,NA,shen,S,2,Suit,2,3,0,0,1,0,0,1,0,1,0,0,9.065151929,-0.8270642,8.66821945,18.35291045,10.06654202,904.9506958,902.1580833,904.2256,906.444,906.9751,76.08250225,69.907505,75.62402401,81.49225719,77.30622282,-3.5007484,-3.5007484,3.3683369,17.7931999,3.4158331,899.5586,899.5586,901.2508,903.1278,903.2924,67.60449626,67.60449626,71.80748717,80.05739985,72.53422509,19.5480419,1.7468322,13.8677654,19.5480419,16.3151503,909.6591,904.1137,906.6379,908.7911,909.6591,83.22736036,71.93660863,79.19433215,82.92902876,81.52297991,-106.688,3663,972.312,3,0,0,1,0,1,1,1,0,0,0,0,0,91.66666667,0,53.33333333,4.22,8523,0,0,0,1,0,0,0,0,0,0,4,0,0,0,1,0,0,0,22,0
3664,NA,NA,NA,0,0,0,0,0,0,0,0,NA,0,0,0,0,0,0,0,0,NA,NA,NA,NA,NA,NA,NA,NA,NA,NA,NA,NA,NA,NA,NA,NA,NA,NA,NA,shen,S,2,Suit,2,2,0,1,0,0,0,1,0,1,0,0,9.257328329,-0.6348878,8.86039585,18.54508685,10.25871842,907.9072558,905.1146433,907.18216,909.40056,909.93166,77.19998733,71.02499007,76.74150908,82.60974226,78.42370789,-3.308572,-3.308572,3.5605133,17.9853763,3.6080095,902.51516,902.51516,904.20736,906.08436,906.24896,68.72198133,68.72198133,72.92497224,81.17488492,73.65171016,19.7402183,1.9390086,14.0599418,19.7402183,16.5073267,912.61566,907.07026,909.59446,911.74766,912.61566,84.34484543,73.0540937,80.31181722,84.04651383,82.64046498,-136.2536,3664,942.7464,2,0,1,0,0,1,1,1,0,0,0,0,0,55,0.333333333,48.33333333,38.33,8518,0,0,0,0,1,0,0,0,0,0,7,0,0,0,0,0,0,1,16.66666667,23.33333333
3665,NA,NA,NA,0,1,0,0,1,1,0,1,NA,0,0,0,1,0,0,0,0,NA,NA,NA,NA,NA,NA,NA,NA,NA,NA,NA,NA,NA,NA,NA,NA,NA,NA,NA,shen,S,2,Hist,1,2,0,1,0,0,0,1,0,0,0,1,8.765990729,-1.1262254,8.36905825,18.05374925,9.767380817,900.3482158,897.5556033,899.62312,901.84152,902.37262,74.34291209,68.16791483,73.88443385,79.75266703,75.56663266,-3.7999096,-3.7999096,3.0691757,17.4940387,3.1166719,894.95612,894.95612,896.64832,898.52532,898.68992,65.8649061,65.8649061,70.06789701,78.31780969,70.79463493,19.2488807,1.447671,13.5686042,19.2488807,16.0159891,905.05662,899.51122,902.03542,904.18862,905.05662,81.4877702,70.19701847,77.45474199,81.1894386,79.78338975,-60.6632,3665,1018.3368,2,0,1,0,0,2,1,0,1,0,0,0,0,31.66666667,30,35,26.11,8502,0,1,0,0,0,0,0,0,0,0,7,0,0,0,0,0,0,1,16,6.666666667
3666,NA,NA,NA,0,0,0,0,0,0,0,0,NA,0,0,0,0,0,0,0,0,NA,NA,NA,NA,NA,NA,NA,NA,NA,NA,NA,NA,NA,0,0,NA,NA,NA,NA,shen,S,2,Suit,2,3,0,0,1,0,0,1,0,1,0,0,9.901218329,0.0090022,9.50428585,19.18897685,10.90260842,917.8132558,915.0206433,917.08816,919.30656,919.83766,80.94413833,74.76914107,80.48566009,86.35389327,82.1678589,-2.664682,-2.664682,4.2044033,18.6292663,4.2518995,912.42116,912.42116,914.11336,915.99036,916.15496,72.46613234,72.46613234,76.66912325,84.91903593,77.39586117,20.3841083,2.5828986,14.7038318,20.3841083,17.1512167,922.52166,916.97626,919.50046,921.65366,922.52166,88.08899644,76.7982447,84.05596823,87.79066484,86.38461599,-235.3136,3666,843.6864,3,0,0,1,0,3,0,0,0,1,0,0,0,58.33333333,1.666666667,28.33333333,33.33,8523,0,0,0,1,0,0,0,0,0,0,5,0,0,0,0,1,0,0,11,8.333333333
3667,NA,NA,NA,0,0,0,0,0,NA,0,0,NA,0,0,0,0,0,0,0,0,NA,NA,NA,NA,NA,NA,NA,NA,NA,NA,NA,NA,NA,0,0,NA,NA,NA,NA,shen,P,3,Unsut,3,2,0,1,0,0,0,0,1,0,1,0,9.360350729,-0.5318654,8.96341825,18.64810925,10.36174082,909.4922158,906.6996033,908.76712,910.98552,911.51662,77.79905149,71.62405423,77.34057325,83.20880642,79.02277205,-3.2055496,-3.2055496,3.6635357,18.0883987,3.7110319,904.10012,904.10012,905.79232,907.66932,907.83392,69.32104549,69.32104549,73.52403641,81.77394908,74.25077432,19.8432407,2.042031,14.1629642,19.8432407,16.6103491,914.20062,908.65522,911.17942,913.33262,914.20062,84.94390959,73.65315786,80.91088138,84.64557799,83.23952914,-152.1032,3667,926.8968,2,0,1,0,0,3,0,0,0,1,0,0,0,8.333333333,1.666666667,23.33333333,31.67,8523,0,0,0,1,0,0,0,0,0,0,4,0,0,0,1,0,0,0,25,0
3668,NA,NA,NA,0,0,0,0,0,0,0,0,NA,0,0,0,0,0,0,0,0,NA,NA,NA,NA,NA,NA,NA,NA,NA,NA,NA,NA,NA,NA,NA,NA,NA,NA,NA,shen,S,2,Suit,2,2,0,1,0,0,0,1,0,1,0,0,8.482679129,-1.409537,8.08574665,17.77043765,9.484069217,895.9895758,893.1969633,895.26448,897.48288,898.01398,72.69548565,66.52048839,72.23700741,78.10524059,73.91920622,-4.0832212,-4.0832212,2.7858641,17.2107271,2.8333603,890.59748,890.59748,892.28968,894.16668,894.33128,64.21747966,64.21747966,68.42047057,76.67038324,69.14720849,18.9655691,1.1643594,13.2852926,18.9655691,15.7326775,900.69798,895.15258,897.67678,899.82998,900.69798,79.84034376,68.54959202,75.80731554,79.54201216,78.1359633,-17.0768,3668,1061.9232,2,0,1,0,0,1,1,1,0,0,0,0,0,49.16666667,0.333333333,67.5,28.11,8506,1,0,0,0,0,0,0,0,0,0,5,0,0,0,0,1,0,0,3.666666667,0.333333333
3669,NA,NA,NA,0,0,0,0,0,NA,0,0,NA,0,0,0,0,0,0,0,0,NA,NA,NA,NA,NA,NA,NA,NA,NA,NA,NA,NA,NA,NA,NA,NA,NA,NA,NA,shen,P,3,Unsut,3,4,0,0,0,1,0,0,1,0,1,0,9.342519929,-0.5496962,8.94558745,18.63027845,10.34391002,909.2178958,906.4252833,908.4928,910.7112,911.2423,77.6953673,71.52037005,77.23688906,83.10512224,78.91908787,-3.2233804,-3.2233804,3.6457049,18.0705679,3.6932011,903.8258,903.8258,905.518,907.395,907.5596,69.21736131,69.21736131,73.42035222,81.6702649,74.14709014,19.8254099,2.0242002,14.1451334,19.8254099,16.5925183,913.9263,908.3809,910.9051,913.0583,913.9263,84.84022541,73.54947368,80.8071972,84.54189381,83.13584496,-149.36,3669,929.64,4,0,0,0,1,1,1,1,0,0,0,0,0,6.666666667,0,5,16.11,6057,0,0,0,0,0,0,1,0,0,0,4,0,0,0,1,0,0,0,5.666666667,1.666666667
3670,NA,NA,NA,0,0,0,0,0,NA,0,0,NA,0,0,0,0,0,0,0,0,NA,NA,NA,NA,NA,NA,NA,NA,NA,NA,NA,NA,NA,NA,NA,NA,NA,NA,NA,shen,P,3,Unsut,3,2,0,1,0,0,0,0,1,0,1,0,9.136475129,-0.755741,8.73954265,18.42423365,10.13786522,906.0479758,903.2553633,905.32288,907.54128,908.07238,76.49723898,70.32224172,76.03876074,81.90699392,77.72095955,-3.4294252,-3.4294252,3.4396601,17.8645231,3.4871563,900.65588,900.65588,902.34808,904.22508,904.38968,68.01923299,68.01923299,72.2222239,80.47213657,72.94896182,19.6193651,1.8181554,13.9390886,19.6193651,16.3864735,910.75638,905.21098,907.73518,909.88838,910.75638,83.64209709,72.35134535,79.60906888,83.34376549,81.93771664,-117.6608,3670,961.3392,2,0,1,0,0,2,1,0,1,0,0,0,0,11.66666667,1.666666667,86.66666667,32.22,8523,0,0,0,1,0,0,0,0,0,0,4,0,0,0,1,0,0,0,11.66666667,3.333333333
3671,NA,NA,NA,0,0,0,0,1,0,0,0,NA,0,0,0,0,1,0,0,0,NA,NA,NA,NA,NA,NA,NA,NA,NA,NA,NA,NA,NA,0,0,NA,NA,NA,NA,shen,S,2,Hist,1,2,0,1,0,0,0,1,0,0,0,1,8.789765129,-1.102451,8.39283265,18.07752365,9.791155217,900.7139758,897.9213633,899.98888,902.20728,902.73838,74.48115767,68.30616041,74.02267943,79.8909126,75.70487824,-3.7761352,-3.7761352,3.0929501,17.5178131,3.1404463,895.32188,895.32188,897.01408,898.89108,899.05568,66.00315168,66.00315168,70.20614259,78.45605526,70.93288051,19.2726551,1.4714454,13.5923786,19.2726551,16.0397635,905.42238,899.87698,902.40118,904.55438,905.42238,81.62601577,70.33526404,77.59298756,81.32768417,79.92163532,-64.3208,3671,1014.6792,2,0,1,0,0,3,0,0,0,1,0,0,0,63.33333333,16.66666667,43.33333333,20,8506,1,0,0,0,0,0,0,0,0,0,4,0,0,0,1,0,0,0,9.333333333,0
3672,NA,NA,NA,0,0,0,0,0,0,0,0,NA,0,0,0,0,0,0,0,0,NA,NA,NA,NA,NA,NA,NA,NA,NA,NA,NA,NA,NA,0,0,NA,NA,NA,NA,shen,S,2,Unsut,3,4,0,0,0,1,0,1,0,0,1,0,8.421261929,-1.4709542,8.02432945,17.70902045,9.422652017,895.0446958,892.2520833,894.3196,896.538,897.0691,72.33835125,66.16335399,71.87987301,77.74810618,73.56207181,-4.1446384,-4.1446384,2.7244469,17.1493099,2.7719431,889.6526,889.6526,891.3448,893.2218,893.3864,63.86034526,63.86034526,68.06333617,76.31324884,68.79007408,18.9041519,1.1029422,13.2238754,18.9041519,15.6712603,899.7531,894.2077,896.7319,898.8851,899.7531,79.48320935,68.19245762,75.45018114,79.18487775,77.7788289,-7.628,3672,1071.372,4,0,0,0,1,3,0,0,0,1,0,0,0,35,4,8.333333333,31.11,8506,1,0,0,0,0,0,0,0,0,0,7,0,0,0,0,0,0,1,20.66666667,5
3673,NA,NA,NA,0,0,0,0,0,0,0,0,NA,0,0,0,0,0,0,0,0,NA,NA,NA,NA,NA,NA,NA,NA,NA,NA,NA,NA,NA,NA,NA,NA,NA,NA,NA,shen,S,2,Unsut,3,2,0,1,0,0,0,1,0,0,1,0,8.447017529,-1.4451986,8.05008505,17.73477605,9.448407617,895.4409358,892.6483233,894.71584,896.93424,897.46534,72.48811729,66.31312003,72.02963905,77.89787222,73.71183785,-4.1188828,-4.1188828,2.7502025,17.1750655,2.7976987,890.04884,890.04884,891.74104,893.61804,893.78264,64.0101113,64.0101113,68.21310221,76.46301488,68.93984012,18.9299075,1.1286978,13.249631,18.9299075,15.6970159,900.14934,894.60394,897.12814,899.28134,900.14934,79.63297539,68.34222366,75.59994718,79.33464379,77.92859494,-11.5904,3673,1067.4096,2,0,1,0,0,2,1,0,1,0,0,0,0,73.33333333,9.333333333,26.66666667,26.67,6237,0,0,0,0,0,1,0,0,0,0,7,0,0,0,0,0,0,1,11.66666667,4.433333333
3674,NA,NA,NA,0,0,0,0,0,0,0,0,NA,0,0,0,0,0,0,0,0,NA,NA,NA,NA,NA,NA,NA,NA,NA,NA,NA,NA,NA,0,0,NA,NA,NA,NA,shen,S,2,Suit,2,4,0,0,0,1,0,1,0,1,0,0,8.106251129,-1.785965,7.70931865,17.39400965,9.107641217,890.1983758,887.4057633,889.47328,891.69168,892.22278,70.50659737,64.33160011,70.04811913,75.9163523,71.73031794,-4.4596492,-4.4596492,2.4094361,16.8342991,2.4569323,884.80628,884.80628,886.49848,888.37548,888.54008,62.02859138,62.02859138,66.23158229,74.48149496,66.9583202,18.5891411,0.7879314,12.9088646,18.5891411,15.3562495,894.90678,889.36138,891.88558,894.03878,894.90678,77.65145547,66.36070374,73.61842726,77.35312387,75.94707502,40.8352,3674,1119.8352,4,0,0,0,1,3,0,0,0,1,0,0,0,36.66666667,0,6.666666667,23.89,6669,0,0,0,0,0,0,0,0,1,0,7,0,0,0,0,0,0,1,3.666666667,6.666666667
3675,NA,NA,NA,0,0,0,0,0,NA,0,0,NA,0,0,0,0,0,0,0,0,NA,NA,NA,NA,NA,NA,NA,NA,NA,NA,NA,NA,NA,NA,NA,NA,NA,NA,NA,shen,S,2,Suit,2,3.5,0,0,0,1,0,1,0,1,0,0,8.387581529,-1.5046346,7.99064905,17.67534005,9.388971617,894.5265358,891.7339233,893.80144,896.01984,896.55094,72.14250335,65.96750609,71.68402511,77.55225828,73.36622391,-4.1783188,-4.1783188,2.6907665,17.1156295,2.7382627,889.13444,889.13444,890.82664,892.70364,892.86824,63.66449736,63.66449736,67.86748827,76.11740094,68.59422618,18.8704715,1.0692618,13.190195,18.8704715,15.6375799,899.23494,893.68954,896.21374,898.36694,899.23494,79.28736145,67.99660972,75.25433324,78.98902985,77.582981,-2.4464,3675,1076.5536,3.5,0,0,0,1,3,0,0,0,1,0,0,0,45,12,10,36.11,8518,0,0,0,0,1,0,0,0,0,0,7,0,0,0,0,0,0,1,8.333333333,0
3676,NA,NA,NA,0,0,0,0,0,NA,0,0,NA,0,0,0,0,0,0,0,0,NA,NA,NA,NA,NA,NA,NA,NA,NA,NA,NA,NA,NA,NA,NA,NA,NA,NA,NA,shen,S,2,Suit,2,4,0,0,0,1,0,1,0,1,0,0,9.540639929,-0.3515762,9.14370745,18.82839845,10.54203002,912.2658958,909.4732833,911.5408,913.7592,914.2903,78.84741377,72.67241651,78.38893553,84.2571687,80.07113433,-3.0252604,-3.0252604,3.8438249,18.2686879,3.8913211,906.8738,906.8738,908.566,910.443,910.6076,70.36940778,70.36940778,74.57239869,82.82231136,75.2991366,20.0235299,2.2223202,14.3432534,20.0235299,16.7906383,916.9743,911.4289,913.9531,916.1063,916.9743,85.99227187,74.70152014,81.95924366,85.69394027,84.28789142,-179.84,3676,899.16,4,0,0,0,1,4,0,0,0,0,1,0,0,63.33333333,0,0,2.78,8523,0,0,0,1,0,0,0,0,0,0,4,0,0,0,1,0,0,0,11.33333333,0
3677,NA,NA,NA,0,0,0,0,0,NA,0,0,NA,0,0,0,0,0,0,0,0,NA,NA,NA,NA,NA,NA,NA,NA,NA,NA,NA,NA,NA,NA,NA,NA,NA,NA,NA,shen,S,2,Unsut,3,3,0,0,1,0,0,1,0,0,1,0,9.193929929,-0.6982862,8.79699745,18.48168845,10.19532002,906.9318958,904.1392833,906.2068,908.4252,908.9563,76.83133246,70.6563352,76.37285422,82.24108739,78.05505302,-3.3719704,-3.3719704,3.4971149,17.9219779,3.5446111,901.5398,901.5398,903.232,905.109,905.2736,68.35332647,68.35332647,72.55631738,80.80623005,73.28305529,19.6768199,1.8756102,13.9965434,19.6768199,16.4439283,911.6403,906.0949,908.6191,910.7723,911.6403,83.97619056,72.68543883,79.94316235,83.67785896,82.27181011,-126.5,3677,952.5,3,0,0,1,0,3,0,0,0,1,0,0,0,66.66666667,0,33.33333333,4.33,6057,0,0,0,0,0,0,1,0,0,0,4,0,0,0,1,0,0,0,8,0
3678,NA,NA,NA,0,0,0,0,NA,NA,0,0,NA,0,0,0,0,0,0,0,0,NA,NA,NA,NA,NA,NA,NA,NA,NA,NA,NA,NA,NA,0,0,NA,NA,NA,NA,shen,S,2,Suit,2,1.75,0,1,0,0,0,1,0,1,0,0,9.336576329,-0.5556398,8.93964385,18.62433485,10.33796642,909.1264558,906.3338433,908.40136,910.61976,911.15086,77.66080591,71.48580865,77.20232767,83.07056084,78.88452648,-3.229324,-3.229324,3.6397613,18.0646243,3.6872575,903.73436,903.73436,905.42656,907.30356,907.46816,69.18279992,69.18279992,73.38579083,81.6357035,74.11252875,19.8194663,2.0182566,14.1391898,19.8194663,16.5865747,913.83486,908.28946,910.81366,912.96686,913.83486,84.80566402,73.51491228,80.7726358,84.50733242,83.10128356,-148.4456,3678,930.5544,1.75,0,1,0,0,1,1,1,0,0,0,0,0,76.66666667,2,53.33333333,5.11,8523,0,0,0,1,0,0,0,0,0,0,4,0,0,0,1,0,0,0,13.33333333,0
3679,NA,NA,NA,0,0,0,0,0,NA,0,0,NA,0,0,0,0,0,0,0,0,NA,NA,NA,NA,NA,NA,NA,NA,NA,NA,NA,NA,NA,NA,NA,NA,NA,NA,NA,shen,S,2,Suit,2,3,0,0,1,0,0,1,0,1,0,0,9.118644329,-0.7735718,8.72171185,18.40640285,10.12003442,905.7736558,902.9810433,905.04856,907.26696,907.79806,76.3935548,70.21855754,75.93507656,81.80330973,77.61727537,-3.447256,-3.447256,3.4218293,17.8466923,3.4693255,900.38156,900.38156,902.07376,903.95076,904.11536,67.91554881,67.91554881,72.11853972,80.36845239,72.84527764,19.6015343,1.8003246,13.9212578,19.6015343,16.3686427,910.48206,904.93666,907.46086,909.61406,910.48206,83.5384129,72.24766117,79.50538469,83.2400813,81.83403245,-114.9176,3679,964.0824,3,0,0,1,0,1,1,1,0,0,0,0,0,64,1.666666667,33.33333333,3.56,8523,0,0,0,1,0,0,0,0,0,0,4,0,0,0,1,0,0,0,15.66666667,0
3680,NA,NA,NA,0,0,0,0,0,NA,0,0,NA,0,0,0,0,0,0,0,0,NA,NA,NA,NA,NA,NA,NA,NA,NA,NA,NA,NA,NA,0,0,NA,NA,NA,NA,shen,S,2,Suit,2,3.5,0,0,0,1,0,1,0,1,0,0,9.152324729,-0.7398914,8.75539225,18.44008325,10.15371482,906.2918158,903.4992033,905.56672,907.78512,908.31622,76.5894027,70.41440544,76.13092446,81.99915763,77.81312327,-3.4135756,-3.4135756,3.4555097,17.8803727,3.5030059,900.89972,900.89972,902.59192,904.46892,904.63352,68.11139671,68.11139671,72.31438762,80.56430029,73.04112553,19.6352147,1.834005,13.9549382,19.6352147,16.4023231,911.00022,905.45482,907.97902,910.13222,911.00022,83.7342608,72.44350907,79.70123259,83.4359292,82.02988035,-120.0992,3680,958.9008,3.5,0,0,0,1,4,0,0,0,0,1,0,0,56.66666667,0,11.66666667,4.44,8523,0,0,0,1,0,0,0,0,0,0,4,0,0,0,1,0,0,0,7.666666667,0
3681,NA,NA,NA,0,0,0,0,0,NA,0,0,NA,0,0,0,0,0,0,0,0,NA,NA,NA,NA,NA,NA,NA,NA,NA,NA,NA,NA,NA,NA,NA,NA,NA,NA,NA,shen,S,2,Unsut,3,2.5,0,0,1,0,0,1,0,0,1,0,9.243459929,-0.6487562,8.84652745,18.53121845,10.24485002,907.6938958,904.9012833,906.9688,909.1872,909.7183,77.11934407,70.94434681,76.66086583,82.52909901,78.34306464,-3.3224404,-3.3224404,3.5466449,17.9715079,3.5941411,902.3018,902.3018,903.994,905.871,906.0356,68.64133808,68.64133808,72.84432899,81.09424166,73.57106691,19.7263499,1.9251402,14.0460734,19.7263499,16.4934583,912.4023,906.8569,909.3811,911.5343,912.4023,84.26420218,72.97345044,80.23117397,83.96587058,82.55982173,-134.12,3681,944.88,2.5,0,0,1,0,3,0,0,0,1,0,0,0,51.66666667,35,75,5,8523,0,0,0,1,0,0,0,0,0,0,4,0,0,0,1,0,0,0,8,0
3682,NA,NA,NA,0,0,0,0,NA,NA,0,0,NA,0,0,0,0,0,0,0,0,NA,NA,NA,NA,NA,NA,NA,NA,NA,NA,NA,NA,NA,0,0,NA,NA,NA,NA,shen,S,2,Suit,2,4,0,0,0,1,0,1,0,1,0,0,9.394031129,-0.498185,8.99709865,18.68178965,10.39542122,910.0103758,907.2177633,909.28528,911.50368,912.03478,77.99489939,71.81990213,77.53642114,83.40465432,79.21861995,-3.1718692,-3.1718692,3.6972161,18.1220791,3.7447123,904.61828,904.61828,906.31048,908.18748,908.35208,69.51689339,69.51689339,73.7198843,81.96979698,74.44662222,19.8769211,2.0757114,14.1966446,19.8769211,16.6440295,914.71878,909.17338,911.69758,913.85078,914.71878,85.13975749,73.84900576,81.10672928,84.84142589,83.43537704,-157.2848,3682,921.7152,4,0,0,0,1,3,0,0,0,1,0,0,0,40,1.333333333,3.333333333,2.89,6057,0,0,0,0,0,0,1,0,0,0,4,0,0,0,1,0,0,0,21.66666667,0
3683,NA,NA,NA,0,0,0,0,0,NA,0,0,NA,0,0,0,0,0,0,0,0,NA,NA,NA,NA,NA,NA,NA,NA,NA,NA,NA,NA,NA,NA,NA,NA,NA,NA,NA,shen,S,2,Suit,2,1.5,0,1,0,0,0,1,0,1,0,0,9.453467129,-0.438749,9.05653465,18.74122565,10.45485722,910.9247758,908.1321633,910.19968,912.41808,912.94918,78.34051332,72.16551606,77.88203508,83.75026826,79.56423389,-3.1124332,-3.1124332,3.7566521,18.1815151,3.8041483,905.53268,905.53268,907.22488,909.10188,909.26648,69.86250733,69.86250733,74.06549824,82.31541092,74.79223616,19.9363571,2.1351474,14.2560806,19.9363571,16.7034655,915.63318,910.08778,912.61198,914.76518,915.63318,85.48537143,74.1946197,81.45234322,85.18703983,83.78099098,-166.4288,3683,912.5712,1.5,0,1,0,0,1,1,1,0,0,0,0,0,90.66666667,0,68.33333333,3.89,6057,0,0,0,0,0,0,1,0,0,0,4,0,0,0,1,0,0,0,3,0
3684,NA,NA,NA,0,0,0,0,0,0,0,0,NA,0,0,0,0,0,0,0,0,NA,NA,NA,NA,NA,NA,NA,NA,NA,NA,NA,NA,NA,0,0,NA,NA,NA,NA,shen,S,2,Unsut,3,4,0,0,0,1,0,1,0,0,1,0,7.963604729,-1.9286114,7.56667225,17.25136325,8.964994817,888.0038158,885.2112033,887.27872,889.49712,890.02822,69.67712392,63.50212666,69.21864567,75.08687885,70.90084448,-4.6022956,-4.6022956,2.2667897,16.6916527,2.3142859,882.61172,882.61172,884.30392,886.18092,886.34552,61.19911792,61.19911792,65.40210883,73.65202151,66.12884675,18.4464947,0.645285,12.7662182,18.4464947,15.2136031,892.71222,887.16682,889.69102,891.84422,892.71222,76.82198202,65.53123029,72.78895381,76.52365042,75.11760157,62.7808,3684,1141.7808,4,0,0,0,1,4,0,0,0,0,1,0,0,68.33333333,0,2.666666667,28.89,6599,0,0,1,0,0,0,0,0,0,0,7,0,0,0,0,0,0,1,13.33333333,10
3685,NA,NA,NA,0,0,0,0,0,0,0,0,NA,0,0,0,0,0,0,0,0,NA,NA,NA,NA,NA,NA,NA,NA,NA,NA,NA,NA,NA,NA,NA,NA,NA,NA,NA,shen,S,2,Unsut,3,4,0,0,0,1,0,1,0,0,1,0,7.900206329,-1.9920098,7.50327385,17.18796485,8.901596417,887.0284558,884.2358433,886.30336,888.52176,889.05286,69.30846905,63.13347179,68.84999081,74.71822398,70.53218961,-4.665694,-4.665694,2.2033913,16.6282543,2.2508875,881.63636,881.63636,883.32856,885.20556,885.37016,60.83046306,60.83046306,65.03345397,73.28336664,65.76019188,18.3830963,0.5818866,12.7028198,18.3830963,15.1502047,891.73686,886.19146,888.71566,890.86886,891.73686,76.45332715,65.16257542,72.42029894,76.15499555,74.7489467,72.5344,3685,1151.5344,4,0,0,0,1,5,0,0,0,0,0,1,0,55,0,11.66666667,23.61,8506,1,0,0,0,0,0,0,0,0,0,7,0,0,0,0,0,0,1,5.666666667,18.33333333
3686,NA,NA,NA,0,0,0,0,0,0,0,0,NA,0,0,0,0,0,0,0,0,NA,NA,NA,NA,NA,NA,NA,NA,NA,NA,NA,NA,NA,NA,NA,NA,NA,NA,NA,shen,S,2,Unsut,3,4,0,0,0,1,0,1,0,0,1,0,8.387581529,-1.5046346,7.99064905,17.67534005,9.388971617,894.5265358,891.7339233,893.80144,896.01984,896.55094,72.14250335,65.96750609,71.68402511,77.55225828,73.36622391,-4.1783188,-4.1783188,2.6907665,17.1156295,2.7382627,889.13444,889.13444,890.82664,892.70364,892.86824,63.66449736,63.66449736,67.86748827,76.11740094,68.59422618,18.8704715,1.0692618,13.190195,18.8704715,15.6375799,899.23494,893.68954,896.21374,898.36694,899.23494,79.28736145,67.99660972,75.25433324,78.98902985,77.582981,-2.4464,3686,1076.5536,4,0,0,0,1,4,0,0,0,0,1,0,0,50,0,0,38.33,6599,0,0,1,0,0,0,0,0,0,0,7,0,0,0,0,0,0,1,23.33333333,0
3687,NA,NA,NA,0,0,0,0,0,0,0,0,NA,0,0,0,0,0,0,0,0,NA,NA,NA,NA,NA,NA,NA,NA,NA,NA,NA,NA,NA,NA,NA,NA,NA,NA,NA,shen,P,3,Unsut,3,2.75,0,0,1,0,0,0,1,0,1,0,8.773915529,-1.1183006,8.37698305,18.06167405,9.775305617,900.4701358,897.6775233,899.74504,901.96344,902.49454,74.38899395,68.21399669,73.93051571,79.79874889,75.61271452,-3.7919848,-3.7919848,3.0771005,17.5019635,3.1245967,895.07804,895.07804,896.77024,898.64724,898.81184,65.91098796,65.91098796,70.11397887,78.36389155,70.84071679,19.2568055,1.4555958,13.576529,19.2568055,16.0239139,905.17854,899.63314,902.15734,904.31054,905.17854,81.53385206,70.24310032,77.50082385,81.23552046,79.82947161,-61.8824,3687,1017.1176,2.75,0,0,1,0,1,1,1,0,0,0,0,0,48.33333333,5,43.33333333,40,8502,0,1,0,0,0,0,0,0,0,0,4,0,0,0,1,0,0,0,5,0
3688,NA,NA,NA,0,0,0,0,0,0,0,0,NA,0,0,0,0,0,0,0,0,NA,NA,NA,NA,NA,NA,NA,NA,NA,NA,NA,NA,NA,NA,NA,NA,NA,NA,NA,shen,P,3,Unsut,3,3.5,0,0,0,1,0,0,1,0,1,0,8.708535929,-1.1836802,8.31160345,17.99629445,9.709926017,899.4642958,896.6716833,898.7392,900.9576,901.4887,74.00881862,67.83382136,73.55034038,79.41857355,75.23253919,-3.8573644,-3.8573644,3.0117209,17.4365839,3.0592171,894.0722,894.0722,895.7644,897.6414,897.806,65.53081263,65.53081263,69.73380354,77.98371621,70.46054146,19.1914259,1.3902162,13.5111494,19.1914259,15.9585343,904.1727,898.6273,901.1515,903.3047,904.1727,81.15367672,69.86292499,77.12064851,80.85534512,79.44929627,-51.824,3688,1027.176,3.5,0,0,0,1,2,1,0,1,0,0,0,0,38.33333333,8.333333333,43.33333333,22.5,8502,0,1,0,0,0,0,0,0,0,0,4,0,0,0,1,0,0,0,1,3.333333333
3689,NA,NA,NA,0,0,0,0,0,0,0,0,NA,0,0,0,0,0,0,0,0,NA,NA,NA,NA,NA,NA,NA,NA,NA,NA,NA,NA,NA,0,0,NA,NA,NA,NA,shen,S,2,Unsut,3,4,0,0,0,1,0,1,0,0,1,0,8.225123129,-1.667093,7.82819065,17.51288165,9.226513217,892.0271758,889.2345633,891.30208,893.52048,894.05158,71.19782525,65.02282799,70.73934701,76.60758018,72.42154581,-4.3407772,-4.3407772,2.5283081,16.9531711,2.5758043,886.63508,886.63508,888.32728,890.20428,890.36888,62.71981926,62.71981926,66.92281017,75.17272284,67.64954808,18.7080131,0.9068034,13.0277366,18.7080131,15.4751215,896.73558,891.19018,893.71438,895.86758,896.73558,78.34268335,67.05193162,74.30965514,78.04435175,76.6383029,22.5472,3689,1101.5472,4,0,0,0,1,5,0,0,0,0,0,1,0,61.66666667,0,11.66666667,17.5,8506,1,0,0,0,0,0,0,0,0,0,2,0,1,0,0,0,0,0,9.666666667,31.66666667
3690,NA,NA,NA,0,0,0,0,0,NA,0,0,NA,0,0,0,0,0,0,0,0,NA,NA,NA,NA,NA,NA,NA,NA,NA,NA,NA,NA,NA,0,0,NA,NA,NA,NA,shen,P,3,Unsut,3,3,0,0,1,0,0,0,1,0,1,0,8.708535929,-1.1836802,8.31160345,17.99629445,9.709926017,899.4642958,896.6716833,898.7392,900.9576,901.4887,74.00881862,67.83382136,73.55034038,79.41857355,75.23253919,-3.8573644,-3.8573644,3.0117209,17.4365839,3.0592171,894.0722,894.0722,895.7644,897.6414,897.806,65.53081263,65.53081263,69.73380354,77.98371621,70.46054146,19.1914259,1.3902162,13.5111494,19.1914259,15.9585343,904.1727,898.6273,901.1515,903.3047,904.1727,81.15367672,69.86292499,77.12064851,80.85534512,79.44929627,-51.824,3690,1027.176,3,0,0,1,0,2,1,0,1,0,0,0,0,61.66666667,1,47,3.89,8502,0,1,0,0,0,0,0,0,0,0,4,0,0,0,1,0,0,0,1,0
3691,NA,NA,NA,0,0,0,0,0,0,0,0,NA,0,0,0,0,0,0,0,0,NA,NA,NA,NA,NA,NA,NA,NA,NA,NA,NA,NA,NA,0,0,NA,NA,NA,NA,shen,P,3,Unsut,3,3,0,0,1,0,0,0,1,0,1,0,8.787783929,-1.1044322,8.39085145,18.07554245,9.789174017,900.6834958,897.8908833,899.9584,902.1768,902.7079,74.46963721,68.29463995,74.01115896,79.87939214,75.69335777,-3.7781164,-3.7781164,3.0909689,17.5158319,3.1384651,895.2914,895.2914,896.9836,898.8606,899.0252,65.99163121,65.99163121,70.19462212,78.4445348,70.92136004,19.2706739,1.4694642,13.5903974,19.2706739,16.0377823,905.3919,899.8465,902.3707,904.5239,905.3919,81.61449531,70.32374358,77.5814671,81.31616371,79.91011486,-64.016,3691,1014.984,3,0,0,1,0,2,1,0,1,0,0,0,0,33.33333333,11.66666667,15,32.78,6057,0,0,0,0,0,0,1,0,0,0,4,0,0,0,1,0,0,0,6.666666667,3.333333333
3692,NA,NA,NA,0,0,0,0,0,0,0,0,NA,0,0,0,0,0,0,0,0,NA,NA,NA,NA,NA,NA,NA,NA,NA,NA,NA,NA,NA,NA,NA,NA,NA,NA,NA,shen,P,3,Unsut,3,3,0,0,1,0,0,0,1,0,1,0,8.765990729,-1.1262254,8.36905825,18.05374925,9.767380817,900.3482158,897.5556033,899.62312,901.84152,902.37262,74.34291209,68.16791483,73.88443385,79.75266703,75.56663266,-3.7999096,-3.7999096,3.0691757,17.4940387,3.1166719,894.95612,894.95612,896.64832,898.52532,898.68992,65.8649061,65.8649061,70.06789701,78.31780969,70.79463493,19.2488807,1.447671,13.5686042,19.2488807,16.0159891,905.05662,899.51122,902.03542,904.18862,905.05662,81.4877702,70.19701847,77.45474199,81.1894386,79.78338975,-60.6632,3692,1018.3368,3,0,0,1,0,1,1,1,0,0,0,0,0,36.66666667,0,8.333333333,35.56,8506,1,0,0,0,0,0,0,0,0,0,4,0,0,0,1,0,0,0,0,3.333333333
3693,NA,NA,NA,0,0,0,0,0,0,0,0,NA,0,0,0,0,0,0,0,0,NA,NA,NA,NA,NA,NA,NA,NA,NA,NA,NA,NA,NA,NA,NA,NA,NA,NA,NA,shen,P,2,Unsut,3,3.5,0,0,0,1,0,0,1,0,1,0,8.811558329,-1.0806578,8.41462585,18.09931685,9.812948417,901.0492558,898.2566433,900.32416,902.54256,903.07366,74.60788278,68.43288552,74.14940454,80.01763772,75.83160335,-3.754342,-3.754342,3.1147433,17.5396063,3.1622395,895.65716,895.65716,897.34936,899.22636,899.39096,66.12987679,66.12987679,70.3328677,78.58278037,71.05960562,19.2944483,1.4932386,13.6141718,19.2944483,16.0615567,905.75766,900.21226,902.73646,904.88966,905.75766,81.75274089,70.46198915,77.71971267,81.45440929,80.04836043,-67.6736,3693,1011.3264,3.5,0,0,0,1,1,1,1,0,0,0,0,0,40,0.666666667,13.33333333,21.11,8506,1,0,0,0,0,0,0,0,0,0,4,0,0,0,1,0,0,0,11.66666667,0
3694,NA,NA,NA,0,0,0,0,0,0,0,0,NA,0,0,0,0,0,0,0,0,NA,NA,NA,NA,NA,NA,NA,NA,NA,NA,NA,NA,NA,NA,NA,NA,NA,NA,NA,shen,S,2,Unsut,3,4,0,0,0,1,0,1,0,0,1,0,8.179555529,-1.7126606,7.78262305,17.46731405,9.180945617,891.3261358,888.5335233,890.60104,892.81944,893.35054,70.93285456,64.7578573,70.47437632,76.3426095,72.15657513,-4.3863448,-4.3863448,2.4827405,16.9076035,2.5302367,885.93404,885.93404,887.62624,889.50324,889.66784,62.45484857,62.45484857,66.65783948,74.90775215,67.3845774,18.6624455,0.8612358,12.982169,18.6624455,15.4295539,896.03454,890.48914,893.01334,895.16654,896.03454,78.07771267,66.78696093,74.04468445,77.77938107,76.37333221,29.5576,3694,1108.5576,4,0,0,0,1,2,1,0,1,0,0,0,0,63.33333333,0,16.66666667,20,8506,1,0,0,0,0,0,0,0,0,0,3,0,0,1,0,0,0,0,11.66666667,8.333333333
3695,NA,NA,NA,0,0,0,0,0,0,0,0,NA,0,0,0,0,0,0,0,0,NA,NA,NA,NA,NA,NA,NA,NA,NA,NA,NA,NA,NA,NA,NA,NA,NA,NA,NA,shen,S,2,Unsut,3,4,0,0,0,1,0,1,0,0,1,0,8.118138329,-1.7740778,7.72120585,17.40589685,9.119528417,890.3812558,887.5886433,889.65616,891.87456,892.40566,70.57572016,64.4007229,70.11724192,75.98547509,71.79944072,-4.447762,-4.447762,2.4213233,16.8461863,2.4688195,884.98916,884.98916,886.68136,888.55836,888.72296,62.09771417,62.09771417,66.30070508,74.55061775,67.02744299,18.6010283,0.7998186,12.9207518,18.6010283,15.3681367,895.08966,889.54426,892.06846,894.22166,895.08966,77.72057826,66.42982653,73.68755005,77.42224666,76.01619781,39.0064,3695,1118.0064,4,0,0,0,1,1,1,1,0,0,0,0,0,66.66666667,0.333333333,0,28.89,8506,1,0,0,0,0,0,0,0,0,0,3,0,0,1,0,0,0,0,13.33333333,3.333333333
3696,NA,NA,NA,0,0,1,0,0,0,0,0,NA,0,0,0,0,0,0,0,0,NA,NA,NA,NA,NA,NA,NA,NA,NA,NA,NA,NA,NA,NA,NA,NA,NA,NA,NA,shen,S,2,Unsut,3,2.5,0,0,1,0,0,1,0,0,1,0,7.906149929,-1.9860662,7.50921745,17.19390845,8.907540017,887.1198958,884.3272833,886.3948,888.6132,889.1443,69.34303044,63.16803318,68.8845522,74.75278537,70.56675101,-4.6597504,-4.6597504,2.2093349,16.6341979,2.2568311,881.7278,881.7278,883.42,885.297,885.4616,60.86502445,60.86502445,65.06801536,73.31792803,65.79475328,18.3890399,0.5878302,12.7087634,18.3890399,15.1561483,891.8283,886.2829,888.8071,890.9603,891.8283,76.48788855,65.19713681,72.45486033,76.18955695,74.78350809,71.62,3696,1150.62,2.5,0,0,1,0,1,1,1,0,0,0,0,0,66.66666667,7.333333333,26.66666667,41.11,8506,1,0,0,0,0,0,0,0,0,0,3,0,0,1,0,0,0,0,4.666666667,13.33333333
3697,NA,NA,NA,0,0,0,0,0,0,0,0,NA,0,0,0,0,0,0,0,0,NA,NA,NA,NA,NA,NA,NA,NA,NA,NA,NA,NA,NA,NA,NA,NA,NA,NA,NA,shen,S,2,Unsut,3,2.5,0,0,1,0,0,1,0,0,1,0,7.787277929,-2.1049382,7.39034545,17.07503645,8.788668017,885.2910958,882.4984833,884.566,886.7844,887.3155,68.65180256,62.4768053,68.19332432,74.0615575,69.87552313,-4.7786224,-4.7786224,2.0904629,16.5153259,2.1379591,879.899,879.899,881.5912,883.4682,883.6328,60.17379657,60.17379657,64.37678748,72.62670015,65.1035254,18.2701679,0.4689582,12.5898914,18.2701679,15.0372763,889.9995,884.4541,886.9783,889.1315,889.9995,75.79666067,64.50590893,71.76363246,75.49832907,74.09228022,89.908,3697,1168.908,2.5,0,0,1,0,1,1,1,0,0,0,0,0,73.33333333,3.333333333,50,26.67,8506,1,0,0,0,0,0,0,0,0,0,7,0,0,0,0,0,0,1,4.333333333,16.66666667
3698,NA,NA,NA,0,0,0,0,0,0,0,0,NA,0,0,0,0,0,0,0,0,NA,NA,NA,NA,NA,NA,NA,NA,NA,NA,NA,NA,NA,NA,NA,NA,NA,NA,NA,shen,P,3,Unsut,3,4,0,0,0,1,0,0,1,0,1,0,8.411355929,-1.4808602,8.01442345,17.69911445,9.412746017,894.8922958,892.0996833,894.1672,896.3856,896.9167,72.28074892,66.10575166,71.82227068,77.69050386,73.50446949,-4.1545444,-4.1545444,2.7145409,17.1394039,2.7620371,889.5002,889.5002,891.1924,893.0694,893.234,63.80274293,63.80274293,68.00573384,76.25564652,68.73247176,18.8942459,1.0930362,13.2139694,18.8942459,15.6613543,899.6007,894.0553,896.5795,898.7327,899.6007,79.42560703,68.13485529,75.39257882,79.12727543,77.72122658,-6.104,3698,1072.896,4,0,0,0,1,6,1,0,0,0,0,0,1,53.33333333,0,0,31.67,8506,1,0,0,0,0,0,0,0,0,0,6,0,0,0,0,0,1,0,5.666666667,0
3699,NA,NA,NA,0,0,0,0,0,0,0,0,0,0,0,0,0,0,0,0,0,NA,NA,NA,NA,NA,NA,NA,NA,NA,NA,NA,NA,NA,NA,NA,NA,NA,NA,NA,shen,P,3,Unsut,3,2.5,0,0,1,0,0,0,1,0,1,0,8.433149129,-1.459067,8.03621665,17.72090765,9.434539217,895.2275758,892.4349633,894.50248,896.72088,897.25198,72.40747403,66.23247678,71.94899579,77.81722897,73.6311946,-4.1327512,-4.1327512,2.7363341,17.1611971,2.7838303,889.83548,889.83548,891.52768,893.40468,893.56928,63.92946804,63.92946804,68.13245895,76.38237163,68.85919687,18.9160391,1.1148294,13.2357626,18.9160391,15.6831475,899.93598,894.39058,896.91478,899.06798,899.93598,79.55233214,68.26158041,75.51930393,79.25400054,77.84795169,-9.4568,3699,1069.5432,2.5,0,0,1,0,6,1,0,0,0,0,0,1,61.66666667,0,48.33333333,28.89,8506,1,0,0,0,0,0,0,0,0,0,7,0,0,0,0,0,0,1,5,5
3700,NA,NA,NA,0,0,0,0,0,0,0,0,0,0,0,0,0,0,0,0,0,NA,NA,NA,NA,NA,NA,NA,NA,NA,NA,NA,NA,NA,NA,NA,NA,NA,NA,NA,shen,P,3,Unsut,3,2.5,0,0,1,0,0,0,1,0,1,0,8.173611929,-1.7186042,7.77667945,17.46137045,9.175002017,891.2346958,888.4420833,890.5096,892.728,893.2591,70.89829317,64.72329591,70.43981493,76.3080481,72.12201373,-4.3922884,-4.3922884,2.4767969,16.9016599,2.5242931,885.8426,885.8426,887.5348,889.4118,889.5764,62.42028718,62.42028718,66.62327809,74.87319076,67.350016,18.6565019,0.8552922,12.9762254,18.6565019,15.4236103,895.9431,890.3977,892.9219,895.0751,895.9431,78.04315127,66.75239954,74.01012306,77.74481967,76.33877082,30.472,3700,1109.472,2.5,0,0,1,0,6,1,0,0,0,0,0,1,55,2,31.66666667,35.56,8506,1,0,0,0,0,0,0,0,0,0,7,0,0,0,0,0,0,1,11.66666667,0
3701,NA,NA,NA,0,0,0,0,0,0,0,0,NA,0,0,0,0,0,0,0,0,NA,NA,NA,NA,NA,NA,NA,NA,NA,NA,NA,NA,NA,0,0,NA,NA,NA,NA,shen,S,2,Suit,2,3,0,0,1,0,0,1,0,1,0,0,9.606019529,-0.2861966,9.20908705,18.89377805,10.60740962,913.2717358,910.4791233,912.54664,914.76504,915.29614,79.2275891,73.05259184,78.76911086,84.63734404,80.45130967,-2.9598808,-2.9598808,3.9092045,18.3340675,3.9567007,907.87964,907.87964,909.57184,911.44884,911.61344,70.74958311,70.74958311,74.95257402,83.20248669,75.67931194,20.0889095,2.2876998,14.408633,20.0889095,16.8560179,917.98014,912.43474,914.95894,917.11214,917.98014,86.37244721,75.08169547,82.339419,86.07411561,84.66806675,-189.8984,3701,889.1016,3,0,0,1,0,3,0,0,0,1,0,0,0,55,5,18.33333333,47.22,8523,0,0,0,1,0,0,0,0,0,0,5,0,0,0,0,1,0,0,8.333333333,13.33333333
3702,NA,NA,NA,0,0,0,0,0,0,0,1,NA,0,0,0,0,0,0,0,0,NA,NA,NA,NA,NA,NA,NA,NA,NA,NA,NA,NA,NA,NA,NA,NA,NA,NA,NA,shen,S,2,Hist,1,3.5,0,0,0,1,0,1,0,0,0,1,9.079020329,-0.8131958,8.68208785,18.36677885,10.08041042,905.1640558,902.3714433,904.43896,906.65736,907.18846,76.16314551,69.98814825,75.70466727,81.57290044,77.38686607,-3.48688,-3.48688,3.3822053,17.8070683,3.4297015,899.77196,899.77196,901.46416,903.34116,903.50576,67.68513952,67.68513952,71.88813043,80.1380431,72.61486834,19.5619103,1.7607006,13.8816338,19.5619103,16.3290187,909.87246,904.32706,906.85126,909.00446,909.87246,83.30800361,72.01725188,79.2749754,83.00967201,81.60362316,-108.8216,3702,970.1784,3.5,0,0,0,1,3,0,0,0,1,0,0,0,31.66666667,6.666666667,35,53.33,6057,0,0,0,0,0,0,1,0,0,0,5,0,0,0,0,1,0,0,11.66666667,0
3703,NA,NA,NA,0,0,0,0,0,0,0,0,NA,0,0,0,0,0,0,0,0,NA,NA,NA,NA,NA,NA,NA,NA,NA,NA,NA,NA,NA,NA,NA,NA,NA,NA,NA,shen,S,2,Suit,2,2,0,1,0,0,0,1,0,1,0,0,9.191948729,-0.7002674,8.79501625,18.47970725,10.19333882,906.9014158,904.1088033,906.17632,908.39472,908.92582,76.81981199,70.64481473,76.36133375,82.22956693,78.04353256,-3.3739516,-3.3739516,3.4951337,17.9199967,3.5426299,901.50932,901.50932,903.20152,905.07852,905.24312,68.341806,68.341806,72.54479691,80.79470958,73.27153483,19.6748387,1.873629,13.9945622,19.6748387,16.4419471,911.60982,906.06442,908.58862,910.74182,911.60982,83.9646701,72.67391836,79.93164189,83.6663385,82.26028965,-126.1952,3703,952.8048,2,0,1,0,0,3,0,0,0,1,0,0,0,36.66666667,7.666666667,30,46.11,8523,0,0,0,1,0,0,0,0,0,0,5,0,0,0,0,1,0,0,10,1.666666667
3704,NA,NA,NA,0,0,0,0,0,0,0,0,NA,0,0,0,0,0,0,0,0,NA,NA,NA,NA,NA,NA,NA,NA,NA,NA,NA,NA,NA,0,0,NA,NA,NA,NA,shen,S,2,Unsut,3,2,0,1,0,0,0,1,0,0,1,0,9.598094729,-0.2941214,9.20116225,18.88585325,10.59948482,913.1498158,910.3572033,912.42472,914.64312,915.17422,79.18150724,73.00650998,78.723029,84.59126218,80.40522781,-2.9678056,-2.9678056,3.9012797,18.3261427,3.9487759,907.75772,907.75772,909.44992,911.32692,911.49152,70.70350125,70.70350125,74.90649216,83.15640484,75.63323008,20.0809847,2.279775,14.4007082,20.0809847,16.8480931,917.85822,912.31282,914.83702,916.99022,917.85822,86.32636535,75.03561361,82.29333714,86.02803375,84.6219849,-188.6792,3704,890.3208,2,0,1,0,0,1,1,1,0,0,0,0,0,31.66666667,0,68.33333333,45,8523,0,0,0,1,0,0,0,0,0,0,5,0,0,0,0,1,0,0,10.33333333,0
3706,NA,NA,NA,0,0,0,0,0,0,0,0,0,0,0,0,0,0,0,0,0,NA,NA,NA,NA,NA,NA,NA,NA,NA,NA,NA,NA,NA,NA,NA,NA,NA,NA,NA,shen,P,3,Unsut,3,2.75,0,0,1,0,0,0,1,0,1,0,8.110213529,-1.7820026,7.71328105,17.39797205,9.111603617,890.2593358,887.4667233,889.53424,891.75264,892.28374,70.5296383,64.35464104,70.07116006,75.93939323,71.75335886,-4.4556868,-4.4556868,2.4133985,16.8382615,2.4608947,884.86724,884.86724,886.55944,888.43644,888.60104,62.05163231,62.05163231,66.25462322,74.50453589,66.98136113,18.5931035,0.7918938,12.912827,18.5931035,15.3602119,894.96774,889.42234,891.94654,894.09974,894.96774,77.6744964,66.38374467,73.64146819,77.3761648,75.97011595,40.2256,3706,1119.2256,2.75,0,0,1,0,4,0,0,0,0,1,0,0,45,0.333333333,18.33333333,33.33,8506,1,0,0,0,0,0,0,0,0,0,7,0,0,0,0,0,0,1,7.666666667,0
3707,NA,NA,NA,1,1,0,1,1,NA,1,1,NA,0,0,0,0,0,0,0,0,NA,NA,NA,NA,NA,NA,NA,NA,NA,NA,NA,NA,NA,0,0,NA,NA,NA,NA,shen,P,3,Unsut,3,2,0,1,0,0,0,0,1,0,1,0,8.072570729,-1.8196454,7.67563825,17.36032925,9.073960817,889.6802158,886.8876033,888.95512,891.17352,891.70462,70.31074947,64.13575221,69.85227123,75.7205044,71.53447004,-4.4933296,-4.4933296,2.3757557,16.8006187,2.4232519,884.28812,884.28812,885.98032,887.85732,888.02192,61.83274348,61.83274348,66.03573439,74.28564706,66.76247231,18.5554607,0.754251,12.8751842,18.5554607,15.3225691,894.38862,888.84322,891.36742,893.52062,894.38862,77.45560758,66.16485584,73.42257936,77.15727598,75.75122712,46.0168,3707,1125.0168,2,0,1,0,0,2,1,0,1,0,0,0,0,55,41.66666667,60,41.39,8502,0,1,0,0,0,0,0,0,0,0,4,0,0,0,1,0,0,0,6.666666667,0
3708,NA,NA,NA,0,0,0,0,0,NA,0,0,NA,0,0,0,0,0,0,0,0,NA,NA,NA,NA,NA,NA,NA,NA,NA,NA,NA,NA,NA,NA,NA,NA,NA,NA,NA,shen,S,2,Unsut,3,2,0,1,0,0,0,1,0,0,1,0,8.094363929,-1.7978522,7.69743145,17.38212245,9.095754017,890.0154958,887.2228833,889.2904,891.5088,892.0399,70.43747458,64.26247732,69.97899634,75.84722952,71.66119515,-4.4715364,-4.4715364,2.3975489,16.8224119,2.4450451,884.6234,884.6234,886.3156,888.1926,888.3572,61.95946859,61.95946859,66.1624595,74.41237217,66.88919742,18.5772539,0.7760442,12.8969774,18.5772539,15.3443623,894.7239,889.1785,891.7027,893.8559,894.7239,77.58233269,66.29158095,73.54930448,77.28400109,75.87795223,42.664,3708,1121.664,2,0,1,0,0,6,1,0,0,0,0,0,1,66.66666667,0,83.33333333,22.78,8506,1,0,0,0,0,0,0,0,0,0,3,0,0,1,0,0,0,0,1.666666667,0
3709,NA,NA,NA,0,1,0,0,0,NA,0,1,NA,0,0,0,0,0,1,0,0,NA,NA,NA,NA,NA,NA,NA,NA,NA,NA,NA,NA,NA,0,0,NA,NA,NA,NA,shen,S,2,Hist,1,2,0,1,0,0,0,1,0,0,0,1,8.342013929,-1.5502022,7.94508145,17.62977245,9.343404017,893.8254958,891.0328833,893.1004,895.3188,895.8499,71.87753266,65.7025354,71.41905442,77.2872876,73.10125323,-4.2238864,-4.2238864,2.6451989,17.0700619,2.6926951,888.4334,888.4334,890.1256,892.0026,892.1672,63.39952667,63.39952667,67.60251758,75.85243025,68.3292555,18.8249039,1.0236942,13.1446274,18.8249039,15.5920123,898.5339,892.9885,895.5127,897.6659,898.5339,79.02239077,67.73163903,74.98936256,78.72405917,77.31801031,4.564,3709,1083.564,2,0,1,0,0,2,1,0,1,0,0,0,0,63.33333333,0.333333333,53.33333333,21.67,6669,0,0,0,0,0,0,0,0,1,0,5,0,0,0,0,1,0,0,2.666666667,0
3710,NA,NA,NA,0,1,1,0,0,NA,0,0,NA,0,0,0,0,0,1,0,1,NA,NA,NA,NA,NA,NA,NA,NA,NA,NA,NA,NA,NA,NA,NA,NA,NA,NA,NA,shen,S,2,Hist,1,2.5,0,0,1,0,0,1,0,0,0,1,8.332107929,-1.5601082,7.93517545,17.61986645,9.333498017,893.6730958,890.8804833,892.948,895.1664,895.6975,71.81993034,65.64493308,71.3614521,77.22968527,73.0436509,-4.2337924,-4.2337924,2.6352929,17.0601559,2.6827891,888.281,888.281,889.9732,891.8502,892.0148,63.34192435,63.34192435,67.54491526,75.79482793,68.27165317,18.8149979,1.0137882,13.1347214,18.8149979,15.5821063,898.3815,892.8361,895.3603,897.5135,898.3815,78.96478844,67.67403671,74.93176023,78.66645684,77.26040799,6.088,3710,1085.088,2.5,0,0,1,0,2,1,0,1,0,0,0,0,53.33333333,38.33333333,41.66666667,26.11,6669,0,0,0,0,0,0,0,0,1,0,5,0,0,0,0,1,0,0,11.66666667,0
3711,NA,NA,NA,0,1,0,1,1,NA,1,1,NA,1,0,0,0,0,0,0,0,NA,NA,NA,NA,NA,NA,NA,NA,NA,NA,NA,NA,NA,0,0,NA,NA,NA,NA,shen,S,2,Hist,1,2.5,0,0,1,0,0,1,0,0,0,1,8.516359529,-1.3758566,8.11942705,17.80411805,9.517749617,896.5077358,893.7151233,895.78264,898.00104,898.53214,72.89133355,66.71633629,72.43285531,78.30108848,74.11505412,-4.0495408,-4.0495408,2.8195445,17.2444075,2.8670407,891.11564,891.11564,892.80784,894.68484,894.84944,64.41332756,64.41332756,68.61631847,76.86623114,69.34305639,18.9992495,1.1980398,13.318973,18.9992495,15.7663579,901.21614,895.67074,898.19494,900.34814,901.21614,80.03619165,68.74543992,76.00316344,79.73786005,78.3318112,-22.2584,3711,1056.7416,2.5,0,0,1,0,2,1,0,1,0,0,0,0,56.66666667,38.33333333,48.33333333,39.17,6669,0,0,0,0,0,0,0,0,1,0,5,0,0,0,0,1,0,0,13.33333333,0
3712,NA,NA,NA,0,0,0,0,0,NA,1,0,NA,0,0,0,0,0,0,0,0,NA,NA,NA,NA,NA,NA,NA,NA,NA,NA,NA,NA,NA,NA,NA,NA,NA,NA,NA,shen,P,3,Hist,1,2,0,1,0,0,0,0,1,0,0,1,8.730329129,-1.161887,8.33339665,18.01808765,9.731719217,899.7995758,897.0069633,899.07448,901.29288,901.82398,74.13554373,67.96054647,73.67706549,79.54529867,75.3592643,-3.8355712,-3.8355712,3.0335141,17.4583771,3.0810103,894.40748,894.40748,896.09968,897.97668,898.14128,65.65753774,65.65753774,69.86052865,78.11044132,70.58726657,19.2132191,1.4120094,13.5329426,19.2132191,15.9803275,904.50798,898.96258,901.48678,903.63998,904.50798,81.28040184,69.9896501,77.24737362,80.98207024,79.57602138,-55.1768,3712,1023.8232,2,0,1,0,0,1,1,1,0,0,0,0,0,51.66666667,0,78.33333333,10,8506,1,0,0,0,0,0,0,0,0,0,4,0,0,0,1,0,0,0,4.666666667,3.333333333
3789,NA,NA,NA,0,0,0,0,0,NA,0,0,NA,0,0,0,0,0,NA,0,0,NA,NA,NA,NA,NA,NA,NA,NA,NA,NA,NA,NA,NA,NA,NA,NA,NA,NA,NA,shen,P,3,Suit,2,2,0,1,0,0,0,0,1,1,0,0,10.11716913,0.224953,9.72023665,19.40492765,11.11855922,921.1355758,918.3429633,920.41048,922.62888,923.15998,82.19986898,76.02487172,81.74139074,87.60962391,83.42358955,-2.4487312,-2.4487312,4.4203541,18.8452171,4.4678503,915.74348,915.74348,917.43568,919.31268,919.47728,73.72186299,73.72186299,77.9248539,86.17476657,78.65159181,20.6000591,2.7988494,14.9197826,20.6000591,17.3671675,925.84398,920.29858,922.82278,924.97598,925.84398,89.34472708,78.05397535,85.31169887,89.04639548,87.64034663,-268.5368,3789,810.4632,2,0,1,0,0,3,0,0,0,1,0,0,0,43.33333333,31.66666667,51.66666667,36.11,6057,0,0,0,0,0,0,1,0,0,0,4,0,0,0,1,0,0,0,8.333333333,0
3797,NA,NA,NA,0,1,NA,0,0,NA,1,0,NA,0,0,0,0,0,0,0,0,NA,NA,NA,NA,NA,NA,NA,NA,NA,NA,NA,NA,NA,0,0,NA,NA,NA,NA,shen,S,2,Unsut,3,2,0,1,0,0,0,1,0,0,1,0,8.086439129,-1.805777,7.68950665,17.37419765,9.087829217,889.8935758,887.1009633,889.16848,891.38688,891.91798,70.39139272,64.21639546,69.93291448,75.80114766,71.61511329,-4.4794612,-4.4794612,2.3896241,16.8144871,2.4371203,884.50148,884.50148,886.19368,888.07068,888.23528,61.91338673,61.91338673,66.11637764,74.36629032,66.84311556,18.5693291,0.7681194,12.8890526,18.5693291,15.3364375,894.60198,889.05658,891.58078,893.73398,894.60198,77.53625083,66.24549909,73.50322262,77.23791923,75.83187038,43.8832,3797,1122.8832,2,0,1,0,0,6,1,0,0,0,0,0,1,65,46.66666667,51.66666667,26.39,6057,0,0,0,0,0,0,1,0,0,0,5,0,0,0,0,1,0,0,4.666666667,0
H1B,0,1,1,0,0,0,0,0,0,0,0,NA,0,0,0,0,0,0,0,0,NA,NA,NA,NA,NA,NA,NA,NA,NA,NA,NA,NA,NA,NA,NA,NA,NA,NA,NA,shen,H,1,Hist,1,3.5,0,0,0,1,1,0,0,0,0,1,8.694667529,-1.1975486,8.29773505,17.98242605,9.696057617,899.2509358,896.4583233,898.52584,900.74424,901.27534,73.92817537,67.75317811,73.46969713,79.3379303,75.15189593,-3.8712328,-3.8712328,2.9978525,17.4227155,3.0453487,893.85884,893.85884,895.55104,897.42804,897.59264,65.45016938,65.45016938,69.65316029,77.90307296,70.3798982,19.1775575,1.3763478,13.497281,19.1775575,15.9446659,903.95934,898.41394,900.93814,903.09134,903.95934,81.07303347,69.78228174,77.04000526,80.77470187,79.36865302,-49.6904,H1B,1029.3096,3.5,0,0,0,1,2,1,0,1,0,0,0,0,65,2.666666667,18.33333333,30,8518,0,0,0,0,1,0,0,0,0,0,1,1,0,0,0,0,0,0,9,5
H1T,1,1,1,0,0,0,0,0,NA,0,0,NA,0,0,0,0,1,NA,0,0,NA,NA,NA,NA,NA,NA,NA,NA,NA,NA,NA,NA,NA,0,1,NA,NA,NA,NA,shen,H,1,Hist,1,4,0,0,0,1,1,0,0,0,0,1,8.995809929,-0.8964062,8.59887745,18.28356845,9.997200017,903.8838958,901.0912833,903.1588,905.3772,905.9083,75.67928599,69.50428873,75.22080775,81.08904093,76.90300656,-3.5700904,-3.5700904,3.2989949,17.7238579,3.3464911,898.4918,898.4918,900.184,902.061,902.2256,67.20128,67.20128,71.40427091,79.65418358,72.13100883,19.4786999,1.6774902,13.7984234,19.4786999,16.2458083,908.5923,903.0469,905.5711,907.7243,908.5923,82.8241441,71.53339236,78.79111589,82.5258125,81.11976365,-96.02,H1T,982.98,4,0,0,0,1,2,1,0,1,0,0,0,0,98.33333333,0.333333333,5,1.89,8506,1,0,0,0,0,0,0,0,0,0,3,0,0,1,0,0,0,0,8.666666667,0
H2B,1,1,1,1,1,NA,1,NA,NA,1,NA,NA,1,1,1,0,0,0,1,NA,NA,NA,NA,NA,NA,NA,NA,NA,NA,NA,NA,NA,NA,NA,NA,NA,NA,NA,NA,shen,H,1,Hist,1,2,0,1,0,0,1,0,0,0,0,1,8.433149129,-1.459067,8.03621665,17.72090765,9.434539217,895.2275758,892.4349633,894.50248,896.72088,897.25198,72.40747403,66.23247678,71.94899579,77.81722897,73.6311946,-4.1327512,-4.1327512,2.7363341,17.1611971,2.7838303,889.83548,889.83548,891.52768,893.40468,893.56928,63.92946804,63.92946804,68.13245895,76.38237163,68.85919687,18.9160391,1.1148294,13.2357626,18.9160391,15.6831475,899.93598,894.39058,896.91478,899.06798,899.93598,79.55233214,68.26158041,75.51930393,79.25400054,77.84795169,-9.4568,H2B,1069.5432,2,0,1,0,0,3,0,0,0,1,0,0,0,91.66666667,10.33333333,40,2.78,8502,0,1,0,0,0,0,0,0,0,0,1,1,0,0,0,0,0,0,28.66666667,0
H2T,1,1,1,1,1,1,1,1,1,1,NA,NA,1,1,1,0,1,1,1,0,NA,NA,NA,NA,NA,NA,NA,NA,NA,NA,NA,NA,NA,NA,NA,NA,NA,NA,NA,shen,H,1,Hist,1,2,0,1,0,0,1,0,0,0,0,1,8.332107929,-1.5601082,7.93517545,17.61986645,9.333498017,893.6730958,890.8804833,892.948,895.1664,895.6975,71.81993034,65.64493308,71.3614521,77.22968527,73.0436509,-4.2337924,-4.2337924,2.6352929,17.0601559,2.6827891,888.281,888.281,889.9732,891.8502,892.0148,63.34192435,63.34192435,67.54491526,75.79482793,68.27165317,18.8149979,1.0137882,13.1347214,18.8149979,15.5821063,898.3815,892.8361,895.3603,897.5135,898.3815,78.96478844,67.67403671,74.93176023,78.66645684,77.26040799,6.088,H2T,1085.088,2,0,1,0,0,3,0,0,0,1,0,0,0,70,33.33333333,68.33333333,4.11,8502,0,1,0,0,0,0,0,0,0,0,1,1,0,0,0,0,0,0,0,0
H3B,1,1,1,1,1,1,1,1,1,1,1,1,1,1,1,0,1,1,1,1,NA,NA,NA,NA,NA,NA,NA,NA,NA,NA,NA,NA,NA,NA,NA,NA,NA,NA,NA,shen,H,1,Hist,1,2,0,1,0,0,1,0,0,0,0,1,8.369750729,-1.5224654,7.97281825,17.65750925,9.371140817,894.2522158,891.4596033,893.52712,895.74552,896.27662,72.03881917,65.86382191,71.58034093,77.4485741,73.26253973,-4.1961496,-4.1961496,2.6729357,17.0977987,2.7204319,888.86012,888.86012,890.55232,892.42932,892.59392,63.56081317,63.56081317,67.76380409,76.01371676,68.490542,18.8526407,1.051431,13.1723642,18.8526407,15.6197491,898.96062,893.41522,895.93942,898.09262,898.96062,79.18367727,67.89292554,75.15064906,78.88534567,77.47929682,0.2968,H3B,1079.2968,2,0,1,0,0,2,1,0,1,0,0,0,0,98.33333333,5.333333333,43.33333333,2.33,8502,0,1,0,0,0,0,0,0,0,0,1,1,0,0,0,0,0,0,0.666666667,0
H3T,1,1,1,1,0,0,1,1,0,1,1,0,1,1,1,1,1,1,1,1,NA,NA,NA,NA,NA,NA,NA,NA,NA,NA,NA,NA,NA,NA,NA,NA,NA,NA,NA,shen,H,1,Hist,1,2,0,1,0,0,1,0,0,0,0,1,8.102288729,-1.7899274,7.70535625,17.39004725,9.103678817,890.1374158,887.3448033,889.41232,891.63072,892.16182,70.48355644,64.30855918,70.0250782,75.89331137,71.70727701,-4.4636116,-4.4636116,2.4054737,16.8303367,2.4529699,884.74532,884.74532,886.43752,888.31452,888.47912,62.00555045,62.00555045,66.20854136,74.45845403,66.93527928,18.5851787,0.783969,12.9049022,18.5851787,15.3522871,894.84582,889.30042,891.82462,893.97782,894.84582,77.62841454,66.33766281,73.59538633,77.33008294,75.92403409,41.4448,H3T,1120.4448,2,0,1,0,0,1,1,1,0,0,0,0,0,70,33.66666667,66.66666667,4.22,8502,0,1,0,0,0,0,0,0,0,0,1,1,0,0,0,0,0,0,1,0
H4B,1,1,1,1,1,1,1,1,1,1,1,1,1,1,1,0,1,1,1,1,NA,NA,NA,NA,NA,NA,NA,NA,NA,NA,NA,NA,NA,NA,NA,NA,NA,NA,NA,shen,H,1,Hist,1,2,0,1,0,0,1,0,0,0,0,1,8.494566329,-1.3976498,8.09763385,17.78232485,9.495956417,896.1724558,893.3798433,895.44736,897.66576,898.19686,72.76460844,66.58961118,72.3061302,78.17436337,73.988329,-4.071334,-4.071334,2.7977513,17.2226143,2.8452475,890.78036,890.78036,892.47256,894.34956,894.51416,64.28660245,64.28660245,68.48959336,76.73950603,69.21633127,18.9774563,1.1762466,13.2971798,18.9774563,15.7445647,900.88086,895.33546,897.85966,900.01286,900.88086,79.90946654,68.61871481,75.87643833,79.61113494,78.20508609,-18.9056,H4B,1060.0944,2,0,1,0,0,2,1,0,1,0,0,0,0,86.66666667,20.33333333,73.33333333,3.22,8502,0,1,0,0,0,0,0,0,0,0,1,1,0,0,0,0,0,0,1,0
H4T,1,0,0,1,1,1,0,0,0,1,1,0,1,1,1,0,1,1,1,0,NA,NA,NA,NA,NA,NA,NA,NA,NA,NA,NA,NA,NA,NA,NA,NA,NA,NA,NA,shen,H,1,Hist,1,2,0,1,0,0,1,0,0,0,0,1,8.199367529,-1.6928486,7.80243505,17.48712605,9.200757617,891.6309358,888.8383233,890.90584,893.12424,893.65534,71.04805921,64.87306195,70.58958097,76.45781414,72.27177977,-4.3665328,-4.3665328,2.5025525,16.9274155,2.5500487,886.23884,886.23884,887.93104,889.80804,889.97264,62.57005322,62.57005322,66.77304413,75.0229568,67.49978204,18.6822575,0.8810478,13.001981,18.6822575,15.4493659,896.33934,890.79394,893.31814,895.47134,896.33934,78.19291731,66.90216558,74.1598891,77.89458571,76.48853686,26.5096,H4T,1105.5096,2,0,1,0,0,2,1,0,1,0,0,0,0,88.33333333,41.66666667,63.33333333,3.44,8502,0,1,0,0,0,0,0,0,0,0,1,1,0,0,0,0,0,0,0.666666667,0
S1B,0,0,1,0,0,0,0,0,NA,0,0,NA,0,0,0,0,0,0,0,0,NA,NA,NA,NA,NA,NA,NA,NA,NA,NA,NA,NA,NA,0,0,NA,NA,NA,NA,shen,S,2,Hist,1,3.5,0,0,0,1,0,1,0,0,0,1,8.651081129,-1.241135,8.25414865,17.93883965,9.652471217,898.5803758,895.7877633,897.85528,900.07368,900.60478,73.67472515,67.49972789,73.2162469,79.08448008,74.89844571,-3.9148192,-3.9148192,2.9542661,17.3791291,3.0017623,893.18828,893.18828,894.88048,896.75748,896.92208,65.19671915,65.19671915,69.39971006,77.64962274,70.12644798,19.1339711,1.3327614,13.4536946,19.1339711,15.9010795,903.28878,897.74338,900.26758,902.42078,903.28878,80.81958325,69.52883152,76.78655504,80.52125165,79.1152028,-42.9848,S1B,1036.0152,3.5,0,0,0,1,1,1,1,0,0,0,0,0,61.66666667,1.666666667,45,12.5,8502,0,1,0,0,0,0,0,0,0,0,4,0,0,0,1,0,0,0,9,26.66666667
S1T,0,1,0,0,0,0,0,0,NA,0,0,NA,0,0,0,0,0,0,0,0,NA,NA,NA,NA,NA,NA,NA,NA,NA,NA,NA,NA,NA,NA,NA,NA,NA,NA,NA,shen,S,2,Hist,1,3,0,0,1,0,0,1,0,0,0,1,8.611457129,-1.280759,8.21452465,17.89921565,9.612847217,897.9707758,895.1781633,897.24568,899.46408,899.99518,73.44431585,67.26931859,72.98583761,78.85407079,74.66803642,-3.9544432,-3.9544432,2.9146421,17.3395051,2.9621383,892.57868,892.57868,894.27088,896.14788,896.31248,64.96630986,64.96630986,69.16930077,77.41921344,69.89603869,19.0943471,1.2931374,13.4140706,19.0943471,15.8614555,902.67918,897.13378,899.65798,901.81118,902.67918,80.58917396,69.29842222,76.55614575,80.29084236,78.88479351,-36.8888,S1T,1042.1112,3,0,0,1,0,1,1,1,0,0,0,0,0,63.33333333,3.666666667,36.66666667,14.72,8502,0,1,0,0,0,0,0,0,0,0,4,0,0,0,1,0,0,0,8.333333333,5
S2B,1,1,1,1,1,1,1,1,1,1,1,1,1,1,1,0,1,1,1,1,NA,NA,NA,NA,NA,NA,NA,NA,NA,NA,NA,NA,NA,1,1,NA,NA,NA,NA,shen,S,2,Hist,1,2,0,1,0,0,0,1,0,0,0,1,8.704573529,-1.1876426,8.30764105,17.99233205,9.705963617,899.4033358,896.6107233,898.67824,900.89664,901.42774,73.98577769,67.81078043,73.52729945,79.39553262,75.20949826,-3.8613268,-3.8613268,3.0077585,17.4326215,3.0552547,894.01124,894.01124,895.70344,897.58044,897.74504,65.5077717,65.5077717,69.71076261,77.96067528,70.43750053,19.1874635,1.3862538,13.507187,19.1874635,15.9545719,904.11174,898.56634,901.09054,903.24374,904.11174,81.1306358,69.83988406,77.09760758,80.8323042,79.42625534,-51.2144,S2B,1027.7856,2,0,1,0,0,2,1,0,1,0,0,0,0,40,13.33333333,56.66666667,10.28,8502,0,1,0,0,0,0,0,0,0,0,4,0,0,0,1,0,0,0,4,8.333333333
S2T,1,1,1,1,1,1,1,1,NA,1,1,NA,1,1,1,1,1,NA,1,0,NA,NA,NA,NA,NA,NA,NA,NA,NA,NA,NA,NA,NA,NA,NA,NA,NA,NA,NA,shen,S,2,Hist,1,2,0,1,0,0,0,1,0,0,0,1,8.736272729,-1.1559434,8.33934025,18.02403125,9.737662817,899.8910158,897.0984033,899.16592,901.38432,901.91542,74.17010512,67.99510787,73.71162688,79.57986006,75.39382569,-3.8296276,-3.8296276,3.0394577,17.4643207,3.0869539,894.49892,894.49892,896.19112,898.06812,898.23272,65.69209913,65.69209913,69.89509004,78.14500272,70.62182796,19.2191627,1.417953,13.5388862,19.2191627,15.9862711,904.59942,899.05402,901.57822,903.73142,904.59942,81.31496323,70.0242115,77.28193502,81.01663163,79.61058278,-56.0912,S2T,1022.9088,2,0,1,0,0,2,1,0,1,0,0,0,0,23.33333333,3.666666667,48.33333333,20.83,8502,0,1,0,0,0,0,0,0,0,0,4,0,0,0,1,0,0,0,8.333333333,0
S3B,1,1,1,1,1,1,0,0,1,1,1,NA,1,1,1,0,1,0,1,1,NA,NA,NA,NA,NA,NA,NA,NA,NA,NA,NA,NA,NA,1,0,NA,NA,NA,NA,shen,S,2,Hist,1,2.5,0,0,1,0,0,1,0,0,0,1,8.775896729,-1.1163194,8.37896425,18.06365525,9.777286817,900.5006158,897.7080033,899.77552,901.99392,902.52502,74.40051442,68.22551716,73.94203618,79.81026935,75.62423498,-3.7900036,-3.7900036,3.0790817,17.5039447,3.1265779,895.10852,895.10852,896.80072,898.67772,898.84232,65.92250843,65.92250843,70.12549934,78.37541201,70.85223725,19.2587867,1.457577,13.5785102,19.2587867,16.0258951,905.20902,899.66362,902.18782,904.34102,905.20902,81.54537252,70.25462079,77.51234431,81.24704092,79.84099207,-62.1872,S3B,1016.8128,2.5,0,0,1,0,2,1,0,1,0,0,0,0,61.66666667,28.33333333,50,21.67,8502,0,1,0,0,0,0,0,0,0,0,4,0,0,0,1,0,0,0,3,21.66666667
S3T,1,1,1,1,1,1,1,1,NA,1,0,NA,1,1,0,0,1,0,1,0,NA,NA,NA,NA,NA,NA,NA,NA,NA,NA,NA,NA,NA,NA,NA,NA,NA,NA,NA,shen,S,2,Hist,1,2.5,0,0,1,0,0,1,0,0,0,1,8.688723929,-1.2034922,8.29179145,17.97648245,9.690114017,899.1594958,896.3668833,898.4344,900.6528,901.1839,73.89361397,67.71861671,73.43513573,79.30336891,75.11733454,-3.8771764,-3.8771764,2.9919089,17.4167719,3.0394051,893.7674,893.7674,895.4596,897.3366,897.5012,65.41560798,65.41560798,69.61859889,77.86851157,70.34533681,19.1716139,1.3704042,13.4913374,19.1716139,15.9387223,903.8679,898.3225,900.8467,902.9999,903.8679,81.03847208,69.74772034,77.00544387,80.74014048,79.33409163,-48.776,S3T,1030.224,2.5,0,0,1,0,2,1,0,1,0,0,0,0,50,11.66666667,46.66666667,23.33,8502,0,1,0,0,0,0,0,0,0,0,4,0,0,0,1,0,0,0,16.66666667,1.666666667
S4B,0,0,0,0,0,0,0,0,NA,1,NA,NA,0,0,0,0,0,0,0,0,NA,NA,NA,NA,NA,NA,NA,NA,NA,NA,NA,NA,NA,NA,NA,NA,NA,NA,NA,shen,S,2,Hist,1,3,0,0,1,0,0,1,0,0,0,1,8.738253929,-1.1539622,8.34132145,18.02601245,9.739644017,899.9214958,897.1288833,899.1964,901.4148,901.9459,74.18162559,68.00662833,73.72314735,79.59138052,75.40534616,-3.8276464,-3.8276464,3.0414389,17.4663019,3.0889351,894.5294,894.5294,896.2216,898.0986,898.2632,65.7036196,65.7036196,69.90661051,78.15652318,70.63334842,19.2211439,1.4199342,13.5408674,19.2211439,15.9882523,904.6299,899.0845,901.6087,903.7619,904.6299,81.32648369,70.03573196,77.29345548,81.02815209,79.62210324,-56.396,S4B,1022.604,3,0,0,1,0,3,0,0,0,1,0,0,0,63.33333333,21.66666667,43.33333333,4.11,8506,1,0,0,0,0,0,0,0,0,0,7,0,0,0,0,0,0,1,22,0
S4T,0,1,0,0,0,0,0,0,0,0,0,NA,0,0,0,0,0,0,0,0,NA,NA,NA,NA,NA,NA,NA,NA,NA,NA,NA,NA,NA,0,0,NA,NA,NA,NA,shen,S,2,Hist,1,3,0,0,1,0,0,1,0,0,0,1,8.649099929,-1.2431162,8.25216745,17.93685845,9.650490017,898.5498958,895.7572833,897.8248,900.0432,900.5743,73.66320468,67.48820742,73.20472644,79.07295961,74.88692525,-3.9168004,-3.9168004,2.9522849,17.3771479,2.9997811,893.1578,893.1578,894.85,896.727,896.8916,65.18519869,65.18519869,69.3881896,77.63810227,70.11492752,19.1319899,1.3307802,13.4517134,19.1319899,15.8990983,903.2583,897.7129,900.2371,902.3903,903.2583,80.80806279,69.51731105,76.77503457,80.50973119,79.10368233,-42.68,S4T,1036.32,3,0,0,1,0,3,0,0,0,1,0,0,0,76.66666667,0.666666667,53.33333333,3.78,8506,1,0,0,0,0,0,0,0,0,0,7,0,0,0,0,0,0,1,4,0