field_1,Longitude,Latitude,RMI_p,aspect1,year_20051,year_20061,year_20071,year_20081,year_20091,year_20101,year_20111,year_20121,year_20131,year_20141,year_20151,year_20161,elevation1,aspect1_2,30_year_normal1
"1",-78.38464,38.57378,29.51360321,0.926999986171722,26.07200050354,25.9109992980957,24.7089996337891,25.371000289917,23.3190002441406,28.2229995727539,27.9449996948242,27.7609996795654,25.5109996795654,24.7049999237061,25.5230007171631,26.5359992980957,1011.15045166016,297.416442871094,25.5100002288818
"2",-78.38567,38.57132,19.19874382,0.926999986171722,26.07200050354,25.9109992980957,24.7089996337891,25.371000289917,23.3190002441406,28.2229995727539,27.9449996948242,27.7609996795654,25.5109996795654,24.7049999237061,25.5230007171631,26.5359992980957,1026.53161621094,294.323699951172,25.5100002288818
"3",-78.38587,38.57045,19.08492088,0.926999986171722,26.07200050354,25.9109992980957,24.7089996337891,25.371000289917,23.3190002441406,28.2229995727539,27.9449996948242,27.7609996795654,25.5109996795654,24.7049999237061,25.5230007171631,26.5359992980957,1047.07055664063,318.264801025391,25.2399997711182
"4",-78.38435,38.57868,17.09100723,0.926999986171722,26.07200050354,25.9109992980957,24.7089996337891,25.371000289917,23.3190002441406,28.2229995727539,27.9449996948242,27.7609996795654,25.5109996795654,24.7049999237061,25.5230007171631,26.5359992980957,1053.85510253906,127.225860595703,25.5100002288818
"5",-78.38401,38.57675,26.70911598,0.926999986171722,26.07200050354,25.9109992980957,24.7089996337891,25.371000289917,23.3190002441406,28.2229995727539,27.9449996948242,27.7609996795654,25.5109996795654,24.7049999237061,25.5230007171631,26.5359992980957,1009.39910888672,256.473449707031,25.5100002288818
"6",-78.38367,38.57306,25.42871475,0.926999986171722,26.07200050354,25.9109992980957,24.7089996337891,25.371000289917,23.3190002441406,28.2229995727539,27.9449996948242,27.7609996795654,25.5109996795654,24.7049999237061,25.5230007171631,26.5359992980957,1031.17004394531,31.0779972076416,25.5100002288818
"7",-78.38421,38.56338,23.3169117,0.926999986171722,26.07200050354,25.9109992980957,24.7089996337891,25.371000289917,23.3190002441406,28.2229995727539,27.9449996948242,27.7609996795654,25.5109996795654,24.7049999237061,25.5230007171631,26.5359992980957,1029.18334960938,265.617462158203,25.2399997711182
"8",-78.38463,38.56585,22.07968521,0.926999986171722,26.07200050354,25.9109992980957,24.7089996337891,25.371000289917,23.3190002441406,28.2229995727539,27.9449996948242,27.7609996795654,25.5109996795654,24.7049999237061,25.5230007171631,26.5359992980957,1032.93420410156,262.809387207031,25.2399997711182
"9",-78.38524,38.5606,24.83946609,1.75199997425079,26.9850006103516,26.8929996490479,25.8369998931885,26.2830009460449,24.1429996490479,29.0419998168945,28.5990009307861,28.4459991455078,26.2490005493164,25.5219993591309,26.2019996643066,27.443000793457,1011.79357910156,329.590393066406,25.3099994659424
"10",-78.40269,38.55371,27.73342514,1.61300003528595,26.9260005950928,26.8589992523193,25.7970008850098,26.318000793457,24.2210006713867,29.1749992370605,28.7719993591309,28.6100006103516,26.3700008392334,25.5939998626709,26.3369998931885,27.3959999084473,1128.82775878906,263.69189453125,24.7900009155273
"11",-78.40177,38.55317,13.16042042,1.61300003528595,26.9260005950928,26.8589992523193,25.7970008850098,26.318000793457,24.2210006713867,29.1749992370605,28.7719993591309,28.6100006103516,26.3700008392334,25.5939998626709,26.3369998931885,27.3959999084473,1149.83666992188,215.258178710938,24.7900009155273
"12",-78.38305,38.59497,14.21617699,0.926999986171722,26.07200050354,25.9109992980957,24.7089996337891,25.371000289917,23.3190002441406,28.2229995727539,27.9449996948242,27.7609996795654,25.5109996795654,24.7049999237061,25.5230007171631,26.5359992980957,1062.93017578125,270.207794189453,25.1700000762939
"13",-78.40361,38.55548,36.54285812,1.61300003528595,26.9260005950928,26.8589992523193,25.7970008850098,26.318000793457,24.2210006713867,29.1749992370605,28.7719993591309,28.6100006103516,26.3700008392334,25.5939998626709,26.3369998931885,27.3959999084473,1073.7314453125,29.1496448516846,26.0699996948242
"14",-78.40892,38.55444,33.6263504,1.61300003528595,26.9260005950928,26.8589992523193,25.7970008850098,26.318000793457,24.2210006713867,29.1749992370605,28.7719993591309,28.6100006103516,26.3700008392334,25.5939998626709,26.3369998931885,27.3959999084473,1017.02478027344,221.075439453125,25.2600002288818
"15",-78.39986,38.551,18.8833046,1.61300003528595,26.9260005950928,26.8589992523193,25.7970008850098,26.318000793457,24.2210006713867,29.1749992370605,28.7719993591309,28.6100006103516,26.3700008392334,25.5939998626709,26.3369998931885,27.3959999084473,1144.95874023438,182.964508056641,24.7900009155273
"16",-78.40313,38.55445,23.04035568,1.61300003528595,26.9260005950928,26.8589992523193,25.7970008850098,26.318000793457,24.2210006713867,29.1749992370605,28.7719993591309,28.6100006103516,26.3700008392334,25.5939998626709,26.3369998931885,27.3959999084473,1107.970703125,316.071899414063,26.0699996948242
"17",-78.32238,38.63932,14.91552734,1.47300004959106,26.7530002593994,26.6770000457764,25.5629997253418,26.1630001068115,24.1060009002686,28.9969997406006,28.753999710083,28.5450000762939,26.1870002746582,25.4489994049072,26.1760005950928,27.298999786377,1008.88977050781,290.74951171875,26.4599990844727
"18",-78.32329,38.63644,14.82010841,1.47300004959106,26.7530002593994,26.6770000457764,25.5629997253418,26.1630001068115,24.1060009002686,28.9969997406006,28.753999710083,28.5450000762939,26.1870002746582,25.4489994049072,26.1760005950928,27.298999786377,993.563171386719,306.520629882813,25.8899993896484
"19",-78.32269,38.63564,19.45802116,1.47300004959106,26.7530002593994,26.6770000457764,25.5629997253418,26.1630001068115,24.1060009002686,28.9969997406006,28.753999710083,28.5450000762939,26.1870002746582,25.4489994049072,26.1760005950928,27.298999786377,991.68212890625,120.03865814209,25.8899993896484
"20",-78.32545,38.63283,24.19093132,1.47300004959106,26.7530002593994,26.6770000457764,25.5629997253418,26.1630001068115,24.1060009002686,28.9969997406006,28.753999710083,28.5450000762939,26.1870002746582,25.4489994049072,26.1760005950928,27.298999786377,1033.97631835938,344.604370117188,25.8899993896484
"21",-78.38741,38.55853,35.09207535,1.75199997425079,26.9850006103516,26.8929996490479,25.8369998931885,26.2830009460449,24.1429996490479,29.0419998168945,28.5990009307861,28.4459991455078,26.2490005493164,25.5219993591309,26.2019996643066,27.443000793457,965.551330566406,323.345764160156,25.3099994659424
"22",-78.39347,38.55486,33.32075119,1.75199997425079,26.9850006103516,26.8929996490479,25.8369998931885,26.2830009460449,24.1429996490479,29.0419998168945,28.5990009307861,28.4459991455078,26.2490005493164,25.5219993591309,26.2019996643066,27.443000793457,1182.15832519531,126.355972290039,25.8600006103516
"23",-78.39211,38.55437,20.76739311,1.75199997425079,26.9850006103516,26.8929996490479,25.8369998931885,26.2830009460449,24.1429996490479,29.0419998168945,28.5990009307861,28.4459991455078,26.2490005493164,25.5219993591309,26.2019996643066,27.443000793457,1149.70971679688,112.558654785156,25.8600006103516
"24",-78.39091,38.55359,42.62146759,1.75199997425079,26.9850006103516,26.8929996490479,25.8369998931885,26.2830009460449,24.1429996490479,29.0419998168945,28.5990009307861,28.4459991455078,26.2490005493164,25.5219993591309,26.2019996643066,27.443000793457,1119.7451171875,75.9649353027344,24.75
"25",-78.3363,38.63508,29.89822578,1.47300004959106,26.7530002593994,26.6770000457764,25.5629997253418,26.1630001068115,24.1060009002686,28.9969997406006,28.753999710083,28.5450000762939,26.1870002746582,25.4489994049072,26.1760005950928,27.298999786377,805.082153320313,45.4937934875488,26.7099990844727
"26",-78.33742,38.63607,15.94789696,1.47300004959106,26.7530002593994,26.6770000457764,25.5629997253418,26.1630001068115,24.1060009002686,28.9969997406006,28.753999710083,28.5450000762939,26.1870002746582,25.4489994049072,26.1760005950928,27.298999786377,814.855407714844,35.7636299133301,26.7099990844727
"27",-78.33543,38.63324,29.4847126,1.47300004959106,26.7530002593994,26.6770000457764,25.5629997253418,26.1630001068115,24.1060009002686,28.9969997406006,28.753999710083,28.5450000762939,26.1870002746582,25.4489994049072,26.1760005950928,27.298999786377,858.582824707031,21.9883270263672,26.7099990844727
"28",-78.38612,38.55969,22.2639122,1.75199997425079,26.9850006103516,26.8929996490479,25.8369998931885,26.2830009460449,24.1429996490479,29.0419998168945,28.5990009307861,28.4459991455078,26.2490005493164,25.5219993591309,26.2019996643066,27.443000793457,998.350280761719,280.311584472656,25.3099994659424
"29",-78.39238,38.55264,41.35054398,1.75199997425079,26.9850006103516,26.8929996490479,25.8369998931885,26.2830009460449,24.1429996490479,29.0419998168945,28.5990009307861,28.4459991455078,26.2490005493164,25.5219993591309,26.2019996643066,27.443000793457,1155.42468261719,76.8307876586914,24.75
"30",-78.39008,38.55178,33.42938614,1.75199997425079,26.9850006103516,26.8929996490479,25.8369998931885,26.2830009460449,24.1429996490479,29.0419998168945,28.5990009307861,28.4459991455078,26.2490005493164,25.5219993591309,26.2019996643066,27.443000793457,1133.41101074219,22.8256530761719,24.75
"31",-78.3897,38.55605,32.16714096,1.75199997425079,26.9850006103516,26.8929996490479,25.8369998931885,26.2830009460449,24.1429996490479,29.0419998168945,28.5990009307861,28.4459991455078,26.2490005493164,25.5219993591309,26.2019996643066,27.443000793457,1057.81884765625,50.1826362609863,25.8600006103516
"32",-78.38853,38.55517,28.93893051,1.75199997425079,26.9850006103516,26.8929996490479,25.8369998931885,26.2830009460449,24.1429996490479,29.0419998168945,28.5990009307861,28.4459991455078,26.2490005493164,25.5219993591309,26.2019996643066,27.443000793457,1054.6689453125,38.1663818359375,25.8600006103516
"33",-78.38766,38.5573,28.50334358,1.75199997425079,26.9850006103516,26.8929996490479,25.8369998931885,26.2830009460449,24.1429996490479,29.0419998168945,28.5990009307861,28.4459991455078,26.2490005493164,25.5219993591309,26.2019996643066,27.443000793457,1005.05133056641,342.047210693359,25.8600006103516
"34",-78.38846,38.55799,26.15644264,1.75199997425079,26.9850006103516,26.8929996490479,25.8369998931885,26.2830009460449,24.1429996490479,29.0419998168945,28.5990009307861,28.4459991455078,26.2490005493164,25.5219993591309,26.2019996643066,27.443000793457,974.189453125,341.495697021484,25.8600006103516
"35",-78.32487,38.63361,19.06815529,1.47300004959106,26.7530002593994,26.6770000457764,25.5629997253418,26.1630001068115,24.1060009002686,28.9969997406006,28.753999710083,28.5450000762939,26.1870002746582,25.4489994049072,26.1760005950928,27.298999786377,1017.22827148438,343.505310058594,25.8899993896484
"36",-78.36182,38.59811,30.2909317,0.926999986171722,26.07200050354,25.9109992980957,24.7089996337891,25.371000289917,23.3190002441406,28.2229995727539,27.9449996948242,27.7609996795654,25.5109996795654,24.7049999237061,25.5230007171631,26.5359992980957,970.219787597656,56.1069107055664,26.6900005340576
"37",-78.32607,38.63209,18.97540855,1.47300004959106,26.7530002593994,26.6770000457764,25.5629997253418,26.1630001068115,24.1060009002686,28.9969997406006,28.753999710083,28.5450000762939,26.1870002746582,25.4489994049072,26.1760005950928,27.298999786377,1063.17700195313,355.344390869141,25.8899993896484
"38",-78.32668,38.63046,23.55053711,1.47300004959106,26.7530002593994,26.6770000457764,25.5629997253418,26.1630001068115,24.1060009002686,28.9969997406006,28.753999710083,28.5450000762939,26.1870002746582,25.4489994049072,26.1760005950928,27.298999786377,1109.21032714844,338.685729980469,25.8899993896484
"39",-78.32426,38.63329,20.4726162,1.47300004959106,26.7530002593994,26.6770000457764,25.5629997253418,26.1630001068115,24.1060009002686,28.9969997406006,28.753999710083,28.5450000762939,26.1870002746582,25.4489994049072,26.1760005950928,27.298999786377,1015.47375488281,111.100173950195,25.8899993896484
"40",-78.32333,38.64028,15.35459614,1.47300004959106,26.7530002593994,26.6770000457764,25.5629997253418,26.1630001068115,24.1060009002686,28.9969997406006,28.753999710083,28.5450000762939,26.1870002746582,25.4489994049072,26.1760005950928,27.298999786377,974.613464355469,318.327850341797,26.4599990844727
"41",-78.33427,38.62986,28.71866989,1.47300004959106,26.7530002593994,26.6770000457764,25.5629997253418,26.1630001068115,24.1060009002686,28.9969997406006,28.753999710083,28.5450000762939,26.1870002746582,25.4489994049072,26.1760005950928,27.298999786377,1016.17376708984,342.742523193359,26.7099990844727
"42",-78.33409,38.63243,24.59291458,1.47300004959106,26.7530002593994,26.6770000457764,25.5629997253418,26.1630001068115,24.1060009002686,28.9969997406006,28.753999710083,28.5450000762939,26.1870002746582,25.4489994049072,26.1760005950928,27.298999786377,867.019653320313,333.284790039063,26.7099990844727
"43",-78.33649,38.62817,13.2484293,1.47300004959106,26.7530002593994,26.6770000457764,25.5629997253418,26.1630001068115,24.1060009002686,28.9969997406006,28.753999710083,28.5450000762939,26.1870002746582,25.4489994049072,26.1760005950928,27.298999786377,1036.34838867188,215.130859375,25.2900009155273
"44",-78.33517,38.62923,29.88535881,1.47300004959106,26.7530002593994,26.6770000457764,25.5629997253418,26.1630001068115,24.1060009002686,28.9969997406006,28.753999710083,28.5450000762939,26.1870002746582,25.4489994049072,26.1760005950928,27.298999786377,1055.36486816406,14.4040441513062,26.7099990844727
"45",-78.33488,38.62947,31.38516998,1.47300004959106,26.7530002593994,26.6770000457764,25.5629997253418,26.1630001068115,24.1060009002686,28.9969997406006,28.753999710083,28.5450000762939,26.1870002746582,25.4489994049072,26.1760005950928,27.298999786377,1035.142578125,1.64922606945038,26.7099990844727
"46",-78.33475,38.62982,37.44345474,1.47300004959106,26.7530002593994,26.6770000457764,25.5629997253418,26.1630001068115,24.1060009002686,28.9969997406006,28.753999710083,28.5450000762939,26.1870002746582,25.4489994049072,26.1760005950928,27.298999786377,1011.91705322266,4.66864776611328,26.7099990844727
"47",-78.33633,38.63425,26.26131058,1.47300004959106,26.7530002593994,26.6770000457764,25.5629997253418,26.1630001068115,24.1060009002686,28.9969997406006,28.753999710083,28.5450000762939,26.1870002746582,25.4489994049072,26.1760005950928,27.298999786377,832.476806640625,48.4946098327637,26.7099990844727
"48",-78.33369,38.62955,19.52283096,1.47300004959106,26.7530002593994,26.6770000457764,25.5629997253418,26.1630001068115,24.1060009002686,28.9969997406006,28.753999710083,28.5450000762939,26.1870002746582,25.4489994049072,26.1760005950928,27.298999786377,1037.38330078125,10.6475496292114,26.7099990844727
"49",-78.38519,38.55855,12.85239029,1.75199997425079,26.9850006103516,26.8929996490479,25.8369998931885,26.2830009460449,24.1429996490479,29.0419998168945,28.5990009307861,28.4459991455078,26.2490005493164,25.5219993591309,26.2019996643066,27.443000793457,1049.39892578125,202.555786132813,25.3099994659424
"50",-78.33645,38.63237,26.8454895,1.47300004959106,26.7530002593994,26.6770000457764,25.5629997253418,26.1630001068115,24.1060009002686,28.9969997406006,28.753999710083,28.5450000762939,26.1870002746582,25.4489994049072,26.1760005950928,27.298999786377,928.307922363281,36.6932182312012,26.7099990844727
"51",-78.364,38.631,28.57022858,3.61800003051758,28.7240009307861,28.8430004119873,27.9799995422363,28.4069995880127,26.3610000610352,31.298999786377,30.9479999542236,30.8409996032715,28.2520008087158,27.5690002441406,28.1149997711182,29.378999710083,578.155090332031,335.280487060547,28.7800006866455
"52",-78.36629,38.56713,27.6225872,0.926999986171722,26.07200050354,25.9109992980957,24.7089996337891,25.371000289917,23.3190002441406,28.2229995727539,27.9449996948242,27.7609996795654,25.5109996795654,24.7049999237061,25.5230007171631,26.5359992980957,839.711486816406,130.834518432617,26.3799991607666
"53",-78.3649,38.6107,20.28243828,3.61800003051758,28.7240009307861,28.8430004119873,27.9799995422363,28.4069995880127,26.3610000610352,31.298999786377,30.9479999542236,30.8409996032715,28.2520008087158,27.5690002441406,28.1149997711182,29.378999710083,932.518005371094,337.660430908203,26.4200000762939
"54",-78.36629,38.60513,22.88250923,3.61800003051758,28.7240009307861,28.8430004119873,27.9799995422363,28.4069995880127,26.3610000610352,31.298999786377,30.9479999542236,30.8409996032715,28.2520008087158,27.5690002441406,28.1149997711182,29.378999710083,996.802185058594,61.1633682250977,26.4200000762939
"55",-78.36744,38.60482,17.55652046,3.61800003051758,28.7240009307861,28.8430004119873,27.9799995422363,28.4069995880127,26.3610000610352,31.298999786377,30.9479999542236,30.8409996032715,28.2520008087158,27.5690002441406,28.1149997711182,29.378999710083,1006.72442626953,331.169708251953,26.4200000762939
"56",-78.37192,38.60168,21.21868134,0.926999986171722,26.07200050354,25.9109992980957,24.7089996337891,25.371000289917,23.3190002441406,28.2229995727539,27.9449996948242,27.7609996795654,25.5109996795654,24.7049999237061,25.5230007171631,26.5359992980957,1036.88818359375,341.308471679688,25.5
"57",-78.36075,38.5979,36.0569725,0.926999986171722,26.07200050354,25.9109992980957,24.7089996337891,25.371000289917,23.3190002441406,28.2229995727539,27.9449996948242,27.7609996795654,25.5109996795654,24.7049999237061,25.5230007171631,26.5359992980957,944.8134765625,345.729034423828,26.6900005340576
"58",-78.36723,38.60688,12.16234779,3.61800003051758,28.7240009307861,28.8430004119873,27.9799995422363,28.4069995880127,26.3610000610352,31.298999786377,30.9479999542236,30.8409996032715,28.2520008087158,27.5690002441406,28.1149997711182,29.378999710083,937.215393066406,285.585632324219,26.4200000762939
"59",-78.36693,38.60774,14.27671814,3.61800003051758,28.7240009307861,28.8430004119873,27.9799995422363,28.4069995880127,26.3610000610352,31.298999786377,30.9479999542236,30.8409996032715,28.2520008087158,27.5690002441406,28.1149997711182,29.378999710083,937.520568847656,298.786224365234,26.4200000762939
"60",-78.36071,38.59698,28.27620506,0.926999986171722,26.07200050354,25.9109992980957,24.7089996337891,25.371000289917,23.3190002441406,28.2229995727539,27.9449996948242,27.7609996795654,25.5109996795654,24.7049999237061,25.5230007171631,26.5359992980957,1010.71020507813,335.863891601563,26.6900005340576
"61",-78.38366,38.60451,23.97691345,3.61800003051758,28.7240009307861,28.8430004119873,27.9799995422363,28.4069995880127,26.3610000610352,31.298999786377,30.9479999542236,30.8409996032715,28.2520008087158,27.5690002441406,28.1149997711182,29.378999710083,859.454895019531,58.7856559753418,27.6200008392334
"62",-78.35181,38.61708,28.04513168,1.47300004959106,26.7530002593994,26.6770000457764,25.5629997253418,26.1630001068115,24.1060009002686,28.9969997406006,28.753999710083,28.5450000762939,26.1870002746582,25.4489994049072,26.1760005950928,27.298999786377,925.660339355469,35.1277542114258,26.1900005340576
"63",-78.38232,38.59663,11.08325768,0.926999986171722,26.07200050354,25.9109992980957,24.7089996337891,25.371000289917,23.3190002441406,28.2229995727539,27.9449996948242,27.7609996795654,25.5109996795654,24.7049999237061,25.5230007171631,26.5359992980957,1062.98596191406,270.028930664063,26.3999996185303
"64",-78.35433,38.61471,21.11037064,3.61800003051758,28.7240009307861,28.8430004119873,27.9799995422363,28.4069995880127,26.3610000610352,31.298999786377,30.9479999542236,30.8409996032715,28.2520008087158,27.5690002441406,28.1149997711182,29.378999710083,929.900817871094,300.907775878906,26.1900005340576
"65",-78.34958,38.61676,15.45057106,1.47300004959106,26.7530002593994,26.6770000457764,25.5629997253418,26.1630001068115,24.1060009002686,28.9969997406006,28.753999710083,28.5450000762939,26.1870002746582,25.4489994049072,26.1760005950928,27.298999786377,954.005615234375,313.648559570313,26.1900005340576
"66",-78.38058,38.59831,29.11600113,0.926999986171722,26.07200050354,25.9109992980957,24.7089996337891,25.371000289917,23.3190002441406,28.2229995727539,27.9449996948242,27.7609996795654,25.5109996795654,24.7049999237061,25.5230007171631,26.5359992980957,1013.44659423828,44.0318336486816,26.3999996185303
"67",-78.36028,38.59596,27.23905754,0.926999986171722,26.07200050354,25.9109992980957,24.7089996337891,25.371000289917,23.3190002441406,28.2229995727539,27.9449996948242,27.7609996795654,25.5109996795654,24.7049999237061,25.5230007171631,26.5359992980957,1052.35473632813,21.0651321411133,26.6900005340576
"68",-78.36239,38.59603,53.88524628,0.926999986171722,26.07200050354,25.9109992980957,24.7089996337891,25.371000289917,23.3190002441406,28.2229995727539,27.9449996948242,27.7609996795654,25.5109996795654,24.7049999237061,25.5230007171631,26.5359992980957,1037.58911132813,12.6396427154541,26.6900005340576
"69",-78.35886,38.59507,19.29982376,0.926999986171722,26.07200050354,25.9109992980957,24.7089996337891,25.371000289917,23.3190002441406,28.2229995727539,27.9449996948242,27.7609996795654,25.5109996795654,24.7049999237061,25.5230007171631,26.5359992980957,1025.513671875,66.1353912353516,25.6100006103516
"70",-78.35991,38.59147,27.94103813,0.926999986171722,26.07200050354,25.9109992980957,24.7089996337891,25.371000289917,23.3190002441406,28.2229995727539,27.9449996948242,27.7609996795654,25.5109996795654,24.7049999237061,25.5230007171631,26.5359992980957,1067.92700195313,95.4885711669922,25.6100006103516
"71",-78.35892,38.61489,19.48127365,3.61800003051758,28.7240009307861,28.8430004119873,27.9799995422363,28.4069995880127,26.3610000610352,31.298999786377,30.9479999542236,30.8409996032715,28.2520008087158,27.5690002441406,28.1149997711182,29.378999710083,961.318969726563,129.331771850586,26.1900005340576
"72",-78.35888,38.61668,31.28503418,3.61800003051758,28.7240009307861,28.8430004119873,27.9799995422363,28.4069995880127,26.3610000610352,31.298999786377,30.9479999542236,30.8409996032715,28.2520008087158,27.5690002441406,28.1149997711182,29.378999710083,946.332946777344,39.4987754821777,26.1900005340576
"73",-78.36095,38.61795,14.27384186,3.61800003051758,28.7240009307861,28.8430004119873,27.9799995422363,28.4069995880127,26.3610000610352,31.298999786377,30.9479999542236,30.8409996032715,28.2520008087158,27.5690002441406,28.1149997711182,29.378999710083,936.499267578125,270.291961669922,26.1900005340576
"74",-78.36015,38.61578,15.21611595,3.61800003051758,28.7240009307861,28.8430004119873,27.9799995422363,28.4069995880127,26.3610000610352,31.298999786377,30.9479999542236,30.8409996032715,28.2520008087158,27.5690002441406,28.1149997711182,29.378999710083,964.174011230469,247.791076660156,26.1900005340576
"75",-78.35991,38.61858,26.55224609,3.61800003051758,28.7240009307861,28.8430004119873,27.9799995422363,28.4069995880127,26.3610000610352,31.298999786377,30.9479999542236,30.8409996032715,28.2520008087158,27.5690002441406,28.1149997711182,29.378999710083,958.253601074219,80.2238693237305,26.1900005340576
"76",-78.35986,38.61956,31.31537247,3.61800003051758,28.7240009307861,28.8430004119873,27.9799995422363,28.4069995880127,26.3610000610352,31.298999786377,30.9479999542236,30.8409996032715,28.2520008087158,27.5690002441406,28.1149997711182,29.378999710083,935.047058105469,16.1319732666016,26.1900005340576
"77",-78.35969,38.62035,33.44115067,3.61800003051758,28.7240009307861,28.8430004119873,27.9799995422363,28.4069995880127,26.3610000610352,31.298999786377,30.9479999542236,30.8409996032715,28.2520008087158,27.5690002441406,28.1149997711182,29.378999710083,906.217468261719,26.7861518859863,26.1900005340576
"78",-78.36165,38.61931,17.36235046,3.61800003051758,28.7240009307861,28.8430004119873,27.9799995422363,28.4069995880127,26.3610000610352,31.298999786377,30.9479999542236,30.8409996032715,28.2520008087158,27.5690002441406,28.1149997711182,29.378999710083,896.851684570313,280.271331787109,26.1900005340576
"79",-78.36231,38.58706,20.99493408,0.926999986171722,26.07200050354,25.9109992980957,24.7089996337891,25.371000289917,23.3190002441406,28.2229995727539,27.9449996948242,27.7609996795654,25.5109996795654,24.7049999237061,25.5230007171631,26.5359992980957,1103.19213867188,152.397750854492,25.4799995422363
"80",-78.36372,38.58827,14.0530014,0.926999986171722,26.07200050354,25.9109992980957,24.7089996337891,25.371000289917,23.3190002441406,28.2229995727539,27.9449996948242,27.7609996795654,25.5109996795654,24.7049999237061,25.5230007171631,26.5359992980957,1128.02307128906,185.278854370117,24.7099990844727
"81",-78.36684,38.58446,22.78734589,0.926999986171722,26.07200050354,25.9109992980957,24.7089996337891,25.371000289917,23.3190002441406,28.2229995727539,27.9449996948242,27.7609996795654,25.5109996795654,24.7049999237061,25.5230007171631,26.5359992980957,1064.537109375,162.206008911133,25.2299995422363
"82",-78.34109,38.62658,14.10511112,1.47300004959106,26.7530002593994,26.6770000457764,25.5629997253418,26.1630001068115,24.1060009002686,28.9969997406006,28.753999710083,28.5450000762939,26.1870002746582,25.4489994049072,26.1760005950928,27.298999786377,998.055969238281,306.026641845703,25.8700008392334
"83",-78.34228,38.62514,24.7293663,1.47300004959106,26.7530002593994,26.6770000457764,25.5629997253418,26.1630001068115,24.1060009002686,28.9969997406006,28.753999710083,28.5450000762939,26.1870002746582,25.4489994049072,26.1760005950928,27.298999786377,1016.126953125,345.600524902344,25.8700008392334
"84",-78.36455,38.58705,31.4124794,0.926999986171722,26.07200050354,25.9109992980957,24.7089996337891,25.371000289917,23.3190002441406,28.2229995727539,27.9449996948242,27.7609996795654,25.5109996795654,24.7049999237061,25.5230007171631,26.5359992980957,1104.4384765625,164.856292724609,25.2299995422363
"85",-78.3443,38.62401,25.31720924,1.47300004959106,26.7530002593994,26.6770000457764,25.5629997253418,26.1630001068115,24.1060009002686,28.9969997406006,28.753999710083,28.5450000762939,26.1870002746582,25.4489994049072,26.1760005950928,27.298999786377,1004.91064453125,325.150909423828,25.8700008392334
"86",-78.34534,38.62377,19.53735924,1.47300004959106,26.7530002593994,26.6770000457764,25.5629997253418,26.1630001068115,24.1060009002686,28.9969997406006,28.753999710083,28.5450000762939,26.1870002746582,25.4489994049072,26.1760005950928,27.298999786377,1011.18615722656,359.543640136719,25.8700008392334
"87",-78.34548,38.62215,16.00927544,1.47300004959106,26.7530002593994,26.6770000457764,25.5629997253418,26.1630001068115,24.1060009002686,28.9969997406006,28.753999710083,28.5450000762939,26.1870002746582,25.4489994049072,26.1760005950928,27.298999786377,1006.66229248047,228.389114379883,25.8700008392334
"88",-78.34489,38.61997,27.90902138,1.47300004959106,26.7530002593994,26.6770000457764,25.5629997253418,26.1630001068115,24.1060009002686,28.9969997406006,28.753999710083,28.5450000762939,26.1870002746582,25.4489994049072,26.1760005950928,27.298999786377,1001.62896728516,319.162414550781,25.8099994659424
"89",-78.37881,38.59666,20.64258194,0.926999986171722,26.07200050354,25.9109992980957,24.7089996337891,25.371000289917,23.3190002441406,28.2229995727539,27.9449996948242,27.7609996795654,25.5109996795654,24.7049999237061,25.5230007171631,26.5359992980957,1069.28210449219,297.128509521484,25.5
"90",-78.37713,38.59512,30.96994019,0.926999986171722,26.07200050354,25.9109992980957,24.7089996337891,25.371000289917,23.3190002441406,28.2229995727539,27.9449996948242,27.7609996795654,25.5109996795654,24.7049999237061,25.5230007171631,26.5359992980957,1110.8447265625,300.528564453125,24.8199996948242
"91",-78.37572,38.59385,33.97934723,0.926999986171722,26.07200050354,25.9109992980957,24.7089996337891,25.371000289917,23.3190002441406,28.2229995727539,27.9449996948242,27.7609996795654,25.5109996795654,24.7049999237061,25.5230007171631,26.5359992980957,1131.56323242188,252.955383300781,24.8199996948242
"92",-78.37366,38.59478,15.86683559,0.926999986171722,26.07200050354,25.9109992980957,24.7089996337891,25.371000289917,23.3190002441406,28.2229995727539,27.9449996948242,27.7609996795654,25.5109996795654,24.7049999237061,25.5230007171631,26.5359992980957,1154.29272460938,241.915374755859,24.8199996948242
"93",-78.33428,38.62664,19.3733387,1.47300004959106,26.7530002593994,26.6770000457764,25.5629997253418,26.1630001068115,24.1060009002686,28.9969997406006,28.753999710083,28.5450000762939,26.1870002746582,25.4489994049072,26.1760005950928,27.298999786377,1062.94299316406,251.600387573242,25.2900009155273
"94",-78.33228,38.62499,22.17847633,1.47300004959106,26.7530002593994,26.6770000457764,25.5629997253418,26.1630001068115,24.1060009002686,28.9969997406006,28.753999710083,28.5450000762939,26.1870002746582,25.4489994049072,26.1760005950928,27.298999786377,1067.09521484375,241.101943969727,25.2900009155273
"95",-78.33124,38.62614,18.2015686,1.47300004959106,26.7530002593994,26.6770000457764,25.5629997253418,26.1630001068115,24.1060009002686,28.9969997406006,28.753999710083,28.5450000762939,26.1870002746582,25.4489994049072,26.1760005950928,27.298999786377,1105.85241699219,239.171997070313,25.2900009155273
"96",-78.3834,38.60338,27.8987236,0.926999986171722,26.07200050354,25.9109992980957,24.7089996337891,25.371000289917,23.3190002441406,28.2229995727539,27.9449996948242,27.7609996795654,25.5109996795654,24.7049999237061,25.5230007171631,26.5359992980957,877.851135253906,43.6667861938477,26.3999996185303
"97",-78.38155,38.60019,23.77516174,0.926999986171722,26.07200050354,25.9109992980957,24.7089996337891,25.371000289917,23.3190002441406,28.2229995727539,27.9449996948242,27.7609996795654,25.5109996795654,24.7049999237061,25.5230007171631,26.5359992980957,965.007568359375,58.1912117004395,26.3999996185303
"98",-78.38213,38.60106,28.18486404,0.926999986171722,26.07200050354,25.9109992980957,24.7089996337891,25.371000289917,23.3190002441406,28.2229995727539,27.9449996948242,27.7609996795654,25.5109996795654,24.7049999237061,25.5230007171631,26.5359992980957,941.832214355469,25.4110851287842,26.3999996185303
"99",-78.38422,38.60276,13.08201027,0.926999986171722,26.07200050354,25.9109992980957,24.7089996337891,25.371000289917,23.3190002441406,28.2229995727539,27.9449996948242,27.7609996795654,25.5109996795654,24.7049999237061,25.5230007171631,26.5359992980957,880.233764648438,289.746032714844,26.3999996185303
"100",-78.32985,38.62695,21.67780685,1.47300004959106,26.7530002593994,26.6770000457764,25.5629997253418,26.1630001068115,24.1060009002686,28.9969997406006,28.753999710083,28.5450000762939,26.1870002746582,25.4489994049072,26.1760005950928,27.298999786377,1114.76770019531,99.4664306640625,25.2900009155273
"101",-78.32972,38.62862,26.13275909,1.47300004959106,26.7530002593994,26.6770000457764,25.5629997253418,26.1630001068115,24.1060009002686,28.9969997406006,28.753999710083,28.5450000762939,26.1870002746582,25.4489994049072,26.1760005950928,27.298999786377,1113.28393554688,344.940185546875,25.2900009155273
"102",-78.38737,38.5912,10.36905861,0.926999986171722,26.07200050354,25.9109992980957,24.7089996337891,25.371000289917,23.3190002441406,28.2229995727539,27.9449996948242,27.7609996795654,25.5109996795654,24.7049999237061,25.5230007171631,26.5359992980957,1125.37231445313,219.358016967773,25.1700000762939
"103",-78.38765,38.59158,15.26882267,0.926999986171722,26.07200050354,25.9109992980957,24.7089996337891,25.371000289917,23.3190002441406,28.2229995727539,27.9449996948242,27.7609996795654,25.5109996795654,24.7049999237061,25.5230007171631,26.5359992980957,1116.66650390625,324.649322509766,25.7600002288818
"104",-78.38966,38.59238,23.58103752,0.926999986171722,26.07200050354,25.9109992980957,24.7089996337891,25.371000289917,23.3190002441406,28.2229995727539,27.9449996948242,27.7609996795654,25.5109996795654,24.7049999237061,25.5230007171631,26.5359992980957,1076.55651855469,16.1373558044434,25.7600002288818
"105",-78.39236,38.59314,11.87759018,0.926999986171722,26.07200050354,25.9109992980957,24.7089996337891,25.371000289917,23.3190002441406,28.2229995727539,27.9449996948242,27.7609996795654,25.5109996795654,24.7049999237061,25.5230007171631,26.5359992980957,1051.0205078125,4.34675455093384,25.7600002288818
"106",-78.32755,38.63216,21.54257965,1.47300004959106,26.7530002593994,26.6770000457764,25.5629997253418,26.1630001068115,24.1060009002686,28.9969997406006,28.753999710083,28.5450000762939,26.1870002746582,25.4489994049072,26.1760005950928,27.298999786377,1005.84753417969,307.454040527344,25.8899993896484
"107",-78.33508,38.63406,38.81952667,1.47300004959106,26.7530002593994,26.6770000457764,25.5629997253418,26.1630001068115,24.1060009002686,28.9969997406006,28.753999710083,28.5450000762939,26.1870002746582,25.4489994049072,26.1760005950928,27.298999786377,804.119018554688,9.59341907501221,26.7099990844727
"108",-78.38924,38.59153,6.079303265,0.926999986171722,26.07200050354,25.9109992980957,24.7089996337891,25.371000289917,23.3190002441406,28.2229995727539,27.9449996948242,27.7609996795654,25.5109996795654,24.7049999237061,25.5230007171631,26.5359992980957,1071.5517578125,221.589172363281,25.7600002288818
"109",-78.38779,38.55679,28.9802227,1.75199997425079,26.9850006103516,26.8929996490479,25.8369998931885,26.2830009460449,24.1429996490479,29.0419998168945,28.5990009307861,28.4459991455078,26.2490005493164,25.5219993591309,26.2019996643066,27.443000793457,1019.64056396484,27.7917881011963,25.8600006103516
"110",-78.39208,38.55644,28.74625778,1.75199997425079,26.9850006103516,26.8929996490479,25.8369998931885,26.2830009460449,24.1429996490479,29.0419998168945,28.5990009307861,28.4459991455078,26.2490005493164,25.5219993591309,26.2019996643066,27.443000793457,1092.12756347656,23.7667713165283,25.8600006103516
"111",-78.39208,38.55667,32.27550888,1.75199997425079,26.9850006103516,26.8929996490479,25.8369998931885,26.2830009460449,24.1429996490479,29.0419998168945,28.5990009307861,28.4459991455078,26.2490005493164,25.5219993591309,26.2019996643066,27.443000793457,1075.5322265625,19.3768730163574,25.8600006103516
"112",-78.39211,38.55648,28.74625778,1.75199997425079,26.9850006103516,26.8929996490479,25.8369998931885,26.2830009460449,24.1429996490479,29.0419998168945,28.5990009307861,28.4459991455078,26.2490005493164,25.5219993591309,26.2019996643066,27.443000793457,1092.12756347656,23.7667713165283,25.8600006103516
"113",-78.39768,38.55667,22.45387077,1.61300003528595,26.9260005950928,26.8589992523193,25.7970008850098,26.318000793457,24.2210006713867,29.1749992370605,28.7719993591309,28.6100006103516,26.3700008392334,25.5939998626709,26.3369998931885,27.3959999084473,1073.66101074219,343.619750976563,26.0699996948242
"114",-78.39768,38.55641,25.63107681,1.61300003528595,26.9260005950928,26.8589992523193,25.7970008850098,26.318000793457,24.2210006713867,29.1749992370605,28.7719993591309,28.6100006103516,26.3700008392334,25.5939998626709,26.3369998931885,27.3959999084473,1089.15954589844,334.534393310547,26.0699996948242
"115",-78.39967,38.55612,22.15011978,1.61300003528595,26.9260005950928,26.8589992523193,25.7970008850098,26.318000793457,24.2210006713867,29.1749992370605,28.7719993591309,28.6100006103516,26.3700008392334,25.5939998626709,26.3369998931885,27.3959999084473,1066.79956054688,349.110076904297,26.0699996948242
"116",-78.39959,38.55577,18.49738884,1.61300003528595,26.9260005950928,26.8589992523193,25.7970008850098,26.318000793457,24.2210006713867,29.1749992370605,28.7719993591309,28.6100006103516,26.3700008392334,25.5939998626709,26.3369998931885,27.3959999084473,1091.11071777344,338.893585205078,26.0699996948242
"117",-78.37938,38.59806,29.06534004,0.926999986171722,26.07200050354,25.9109992980957,24.7089996337891,25.371000289917,23.3190002441406,28.2229995727539,27.9449996948242,27.7609996795654,25.5109996795654,24.7049999237061,25.5230007171631,26.5359992980957,1031.25830078125,312.392181396484,26.3999996185303
"118",-78.37928,38.59763,22.03557587,0.926999986171722,26.07200050354,25.9109992980957,24.7089996337891,25.371000289917,23.3190002441406,28.2229995727539,27.9449996948242,27.7609996795654,25.5109996795654,24.7049999237061,25.5230007171631,26.5359992980957,1043.37097167969,291.099548339844,26.3999996185303
"119",-78.37782,38.5992,28.92714119,0.926999986171722,26.07200050354,25.9109992980957,24.7089996337891,25.371000289917,23.3190002441406,28.2229995727539,27.9449996948242,27.7609996795654,25.5109996795654,24.7049999237061,25.5230007171631,26.5359992980957,1013.56127929688,340.2666015625,25.5
"120",-78.37716,38.59908,19.17524338,0.926999986171722,26.07200050354,25.9109992980957,24.7089996337891,25.371000289917,23.3190002441406,28.2229995727539,27.9449996948242,27.7609996795654,25.5109996795654,24.7049999237061,25.5230007171631,26.5359992980957,1039.72839355469,328.581817626953,25.5
"121",-78.37471,38.60097,24.31835938,0.926999986171722,26.07200050354,25.9109992980957,24.7089996337891,25.371000289917,23.3190002441406,28.2229995727539,27.9449996948242,27.7609996795654,25.5109996795654,24.7049999237061,25.5230007171631,26.5359992980957,992.790283203125,352.914947509766,25.5
"122",-78.37451,38.60071,20.99075317,0.926999986171722,26.07200050354,25.9109992980957,24.7089996337891,25.371000289917,23.3190002441406,28.2229995727539,27.9449996948242,27.7609996795654,25.5109996795654,24.7049999237061,25.5230007171631,26.5359992980957,1017.57202148438,345.74072265625,25.5
"123",-78.36663,38.60335,24.51676178,0.926999986171722,26.07200050354,25.9109992980957,24.7089996337891,25.371000289917,23.3190002441406,28.2229995727539,27.9449996948242,27.7609996795654,25.5109996795654,24.7049999237061,25.5230007171631,26.5359992980957,1048.91418457031,58.0594863891602,25.2700004577637
"124",-78.36684,38.6032,24.32224655,0.926999986171722,26.07200050354,25.9109992980957,24.7089996337891,25.371000289917,23.3190002441406,28.2229995727539,27.9449996948242,27.7609996795654,25.5109996795654,24.7049999237061,25.5230007171631,26.5359992980957,1057.36901855469,74.6654205322266,25.2700004577637
"125",-78.39711,38.59953,13.36766148,3.76300001144409,29.0869998931885,29.2150001525879,28.3600006103516,28.757999420166,26.6480007171631,31.6870002746582,31.128999710083,31.05299949646,28.5979995727539,27.9200000762939,28.5009994506836,29.6310005187988,812.988403320313,271.058074951172,27.8099994659424
"126",-78.38786,38.57219,26.46161079,0.926999986171722,26.07200050354,25.9109992980957,24.7089996337891,25.371000289917,23.3190002441406,28.2229995727539,27.9449996948242,27.7609996795654,25.5109996795654,24.7049999237061,25.5230007171631,26.5359992980957,897.459228515625,327.798553466797,27.0300006866455
"127",-78.38087,38.56287,25.06311989,0.926999986171722,26.07200050354,25.9109992980957,24.7089996337891,25.371000289917,23.3190002441406,28.2229995727539,27.9449996948242,27.7609996795654,25.5109996795654,24.7049999237061,25.5230007171631,26.5359992980957,1099.90600585938,291.592681884766,25.2399997711182
"128",-78.37235637,38.5344946,21.79046249,1.75199997425079,26.9850006103516,26.8929996490479,25.8369998931885,26.2830009460449,24.1429996490479,29.0419998168945,28.5990009307861,28.4459991455078,26.2490005493164,25.5219993591309,26.2019996643066,27.443000793457,826.642822265625,81.4453125,26.4799995422363
"129",-78.37976,38.58823,26.5294342,0.926999986171722,26.07200050354,25.9109992980957,24.7089996337891,25.371000289917,23.3190002441406,28.2229995727539,27.9449996948242,27.7609996795654,25.5109996795654,24.7049999237061,25.5230007171631,26.5359992980957,1096.2197265625,191.84553527832,25.1700000762939
"130",-78.38103,38.59973,21.75016403,0.926999986171722,26.07200050354,25.9109992980957,24.7089996337891,25.371000289917,23.3190002441406,28.2229995727539,27.9449996948242,27.7609996795654,25.5109996795654,24.7049999237061,25.5230007171631,26.5359992980957,963.881103515625,23.9983692169189,26.3999996185303
"131",-78.37705,38.58554,23.11787224,0.926999986171722,26.07200050354,25.9109992980957,24.7089996337891,25.371000289917,23.3190002441406,28.2229995727539,27.9449996948242,27.7609996795654,25.5109996795654,24.7049999237061,25.5230007171631,26.5359992980957,1063.31860351563,212.546661376953,25.3700008392334
"132",-78.3773,38.58655,12.09171772,0.926999986171722,26.07200050354,25.9109992980957,24.7089996337891,25.371000289917,23.3190002441406,28.2229995727539,27.9449996948242,27.7609996795654,25.5109996795654,24.7049999237061,25.5230007171631,26.5359992980957,1083.24890136719,198.917266845703,25.3700008392334
"133",-78.37959,38.60501,25.24972534,3.61800003051758,28.7240009307861,28.8430004119873,27.9799995422363,28.4069995880127,26.3610000610352,31.298999786377,30.9479999542236,30.8409996032715,28.2520008087158,27.5690002441406,28.1149997711182,29.378999710083,755.833984375,292.886535644531,27.6200008392334
"134",-78.37237816,38.55842343,20.63089752,1.75199997425079,26.9850006103516,26.8929996490479,25.8369998931885,26.2830009460449,24.1429996490479,29.0419998168945,28.5990009307861,28.4459991455078,26.2490005493164,25.5219993591309,26.2019996643066,27.443000793457,959.827575683594,135.790237426758,25.4799995422363
"135",-78.3730234,38.56448312,37.70148849,0.926999986171722,26.07200050354,25.9109992980957,24.7089996337891,25.371000289917,23.3190002441406,28.2229995727539,27.9449996948242,27.7609996795654,25.5109996795654,24.7049999237061,25.5230007171631,26.5359992980957,962.742980957031,90.5338668823242,25.4500007629395
"136",-78.37205353,38.56584485,20.52236176,0.926999986171722,26.07200050354,25.9109992980957,24.7089996337891,25.371000289917,23.3190002441406,28.2229995727539,27.9449996948242,27.7609996795654,25.5109996795654,24.7049999237061,25.5230007171631,26.5359992980957,948.84521484375,92.513671875,25.4500007629395
"137",-78.37268,38.56985,25.24855042,0.926999986171722,26.07200050354,25.9109992980957,24.7089996337891,25.371000289917,23.3190002441406,28.2229995727539,27.9449996948242,27.7609996795654,25.5109996795654,24.7049999237061,25.5230007171631,26.5359992980957,980.857055664063,118.267066955566,25.4500007629395
"138",-78.37567,38.58869,26.53998184,0.926999986171722,26.07200050354,25.9109992980957,24.7089996337891,25.371000289917,23.3190002441406,28.2229995727539,27.9449996948242,27.7609996795654,25.5109996795654,24.7049999237061,25.5230007171631,26.5359992980957,1116.71850585938,169.582824707031,24.8199996948242
"139",-78.36885366,38.55674964,45.31895447,1.75199997425079,26.9850006103516,26.8929996490479,25.8369998931885,26.2830009460449,24.1429996490479,29.0419998168945,28.5990009307861,28.4459991455078,26.2490005493164,25.5219993591309,26.2019996643066,27.443000793457,887.265930175781,104.75666809082,26.5300006866455
"140",-78.37513,38.60561,39.85794067,3.61800003051758,28.7240009307861,28.8430004119873,27.9799995422363,28.4069995880127,26.3610000610352,31.298999786377,30.9479999542236,30.8409996032715,28.2520008087158,27.5690002441406,28.1149997711182,29.378999710083,731.782775878906,324.812561035156,27.6599998474121
"141",-78.37105877,38.5924076,22.09892273,0.926999986171722,26.07200050354,25.9109992980957,24.7089996337891,25.371000289917,23.3190002441406,28.2229995727539,27.9449996948242,27.7609996795654,25.5109996795654,24.7049999237061,25.5230007171631,26.5359992980957,1149.79553222656,259.255981445313,24.8199996948242
"142",-78.37141,38.60315,27.22170067,0.926999986171722,26.07200050354,25.9109992980957,24.7089996337891,25.371000289917,23.3190002441406,28.2229995727539,27.9449996948242,27.7609996795654,25.5109996795654,24.7049999237061,25.5230007171631,26.5359992980957,956.268920898438,334.981964111328,25.5
"143",-78.36829,38.58909,16.70046234,0.926999986171722,26.07200050354,25.9109992980957,24.7089996337891,25.371000289917,23.3190002441406,28.2229995727539,27.9449996948242,27.7609996795654,25.5109996795654,24.7049999237061,25.5230007171631,26.5359992980957,1127.31896972656,216.258148193359,24.7099990844727
"144",-78.36388,38.57326,11.75474167,0.926999986171722,26.07200050354,25.9109992980957,24.7089996337891,25.371000289917,23.3190002441406,28.2229995727539,27.9449996948242,27.7609996795654,25.5109996795654,24.7049999237061,25.5230007171631,26.5359992980957,985.363708496094,162.14208984375,25.6900005340576
"145",-78.36816,38.60528,14.27555656,3.61800003051758,28.7240009307861,28.8430004119873,27.9799995422363,28.4069995880127,26.3610000610352,31.298999786377,30.9479999542236,30.8409996032715,28.2520008087158,27.5690002441406,28.1149997711182,29.378999710083,945.143981933594,306.021575927734,26.4200000762939
"146",-78.36362,38.59753,34.01601791,0.926999986171722,26.07200050354,25.9109992980957,24.7089996337891,25.371000289917,23.3190002441406,28.2229995727539,27.9449996948242,27.7609996795654,25.5109996795654,24.7049999237061,25.5230007171631,26.5359992980957,1044.70544433594,73.5169372558594,25.2700004577637
"147",-78.36076,38.58338,15.61357403,0.926999986171722,26.07200050354,25.9109992980957,24.7089996337891,25.371000289917,23.3190002441406,28.2229995727539,27.9449996948242,27.7609996795654,25.5109996795654,24.7049999237061,25.5230007171631,26.5359992980957,1026.90380859375,161.264373779297,25.4799995422363
"148",-78.3553,38.57756,27.46829224,0.926999986171722,26.07200050354,25.9109992980957,24.7089996337891,25.371000289917,23.3190002441406,28.2229995727539,27.9449996948242,27.7609996795654,25.5109996795654,24.7049999237061,25.5230007171631,26.5359992980957,902.0966796875,119.040557861328,26.1299991607666
"149",-78.3569,38.59064,27.73135567,0.926999986171722,26.07200050354,25.9109992980957,24.7089996337891,25.371000289917,23.3190002441406,28.2229995727539,27.9449996948242,27.7609996795654,25.5109996795654,24.7049999237061,25.5230007171631,26.5359992980957,936.231018066406,66.7203598022461,25.6100006103516
"150",-78.35331,38.57951,32.37110519,2.30599999427795,27.5419998168945,27.5030002593994,26.4489994049072,26.8360004425049,24.7250003814697,29.5389995574951,29.1599998474121,29.0189990997314,26.7569999694824,26.1420001983643,26.6849994659424,28.0559997558594,883.936279296875,36.8141822814941,26.0599994659424
"151",-78.35046,38.5852,17.56744957,2.30599999427795,27.5419998168945,27.5030002593994,26.4489994049072,26.8360004425049,24.7250003814697,29.5389995574951,29.1599998474121,29.0189990997314,26.7569999694824,26.1420001983643,26.6849994659424,28.0559997558594,951.388610839844,195.920623779297,26.0599994659424
"152",-78.35056,38.59065,25.18855667,2.30599999427795,27.5419998168945,27.5030002593994,26.4489994049072,26.8360004425049,24.7250003814697,29.5389995574951,29.1599998474121,29.0189990997314,26.7569999694824,26.1420001983643,26.6849994659424,28.0559997558594,947.355712890625,289.197845458984,26.2800006866455
"153",-78.34517,38.56297,16.64807701,2.30599999427795,27.5419998168945,27.5030002593994,26.4489994049072,26.8360004425049,24.7250003814697,29.5389995574951,29.1599998474121,29.0189990997314,26.7569999694824,26.1420001983643,26.6849994659424,28.0559997558594,792.117370605469,156.890426635742,26.3099994659424
"154",-78.34525,38.56943,10.36112022,2.30599999427795,27.5419998168945,27.5030002593994,26.4489994049072,26.8360004425049,24.7250003814697,29.5389995574951,29.1599998474121,29.0189990997314,26.7569999694824,26.1420001983643,26.6849994659424,28.0559997558594,880.138061523438,222.132461547852,26.3099994659424
"155",-78.34164,38.5679,19.27343178,2.30599999427795,27.5419998168945,27.5030002593994,26.4489994049072,26.8360004425049,24.7250003814697,29.5389995574951,29.1599998474121,29.0189990997314,26.7569999694824,26.1420001983643,26.6849994659424,28.0559997558594,919.392028808594,238.951248168945,26.3099994659424
"156",-78.34899014,38.62421734,7.022876263,1.47300004959106,26.7530002593994,26.6770000457764,25.5629997253418,26.1630001068115,24.1060009002686,28.9969997406006,28.753999710083,28.5450000762939,26.1870002746582,25.4489994049072,26.1760005950928,27.298999786377,874.252807617188,219.324203491211,27
"157",-78.34696,38.61873,23.77267265,1.47300004959106,26.7530002593994,26.6770000457764,25.5629997253418,26.1630001068115,24.1060009002686,28.9969997406006,28.753999710083,28.5450000762939,26.1870002746582,25.4489994049072,26.1760005950928,27.298999786377,981.099975585938,314.690704345703,26.1900005340576
"158",-78.34501326,38.62949777,18.79668427,1.47300004959106,26.7530002593994,26.6770000457764,25.5629997253418,26.1630001068115,24.1060009002686,28.9969997406006,28.753999710083,28.5450000762939,26.1870002746582,25.4489994049072,26.1760005950928,27.298999786377,770.643005371094,242.948867797852,27.2999992370605
"159",-78.33498,38.56726,20.79970741,2.30599999427795,27.5419998168945,27.5030002593994,26.4489994049072,26.8360004425049,24.7250003814697,29.5389995574951,29.1599998474121,29.0189990997314,26.7569999694824,26.1420001983643,26.6849994659424,28.0559997558594,854.183532714844,132.649703979492,27.0400009155273
"160",-78.33683,38.59065,26.28902245,2.30599999427795,27.5419998168945,27.5030002593994,26.4489994049072,26.8360004425049,24.7250003814697,29.5389995574951,29.1599998474121,29.0189990997314,26.7569999694824,26.1420001983643,26.6849994659424,28.0559997558594,906.024597167969,10.3011493682861,27.3600006103516
"161",-78.317357,38.64345809,24.52957344,1.47300004959106,26.7530002593994,26.6770000457764,25.5629997253418,26.1630001068115,24.1060009002686,28.9969997406006,28.753999710083,28.5450000762939,26.1870002746582,25.4489994049072,26.1760005950928,27.298999786377,986.540161132813,104.04460144043,25.8500003814697
"162",-78.31594524,38.65259914,20.52494621,2.88899993896484,28.0149993896484,28.1870002746582,27.2240009307861,27.6760005950928,25.636999130249,30.5499992370605,30.2430000305176,30.0979995727539,27.5879993438721,26.8889999389648,27.4869995117188,28.7730007171631,975.382629394531,357.945037841797,25.8700008392334
"163",-78.30914039,38.64540319,29.22648621,2.31900000572205,27.7189998626709,27.7689990997314,26.6560001373291,26.923999786377,24.8269996643066,29.5499992370605,29.2439994812012,29.0069999694824,26.8120002746582,26.3640003204346,26.8799991607666,28.3519992828369,850.456726074219,74.1152267456055,26.9599990844727
"164",-78.42239776,38.54163808,18.26589203,1.61300003528595,26.9260005950928,26.8589992523193,25.7970008850098,26.318000793457,24.2210006713867,29.1749992370605,28.7719993591309,28.6100006103516,26.3700008392334,25.5939998626709,26.3369998931885,27.3959999084473,705.417785644531,291.316741943359,27.9599990844727
"165",-78.33872,38.63367,18.58267593,1.47300004959106,26.7530002593994,26.6770000457764,25.5629997253418,26.1630001068115,24.1060009002686,28.9969997406006,28.753999710083,28.5450000762939,26.1870002746582,25.4489994049072,26.1760005950928,27.298999786377,819.978637695313,255.232894897461,27.2999992370605
"166",-78.41734,38.54387,13.68647003,1.61300003528595,26.9260005950928,26.8589992523193,25.7970008850098,26.318000793457,24.2210006713867,29.1749992370605,28.7719993591309,28.6100006103516,26.3700008392334,25.5939998626709,26.3369998931885,27.3959999084473,914.665161132813,254.916473388672,26.2000007629395
"167",-78.31517,38.64639,32.13817215,2.88899993896484,28.0149993896484,28.1870002746582,27.2240009307861,27.6760005950928,25.636999130249,30.5499992370605,30.2430000305176,30.0979995727539,27.5879993438721,26.8889999389648,27.4869995117188,28.7730007171631,960.682067871094,91.2184448242188,25.8700008392334
"168",-78.42046,38.53906,17.64943886,1.61300003528595,26.9260005950928,26.8589992523193,25.7970008850098,26.318000793457,24.2210006713867,29.1749992370605,28.7719993591309,28.6100006103516,26.3700008392334,25.5939998626709,26.3369998931885,27.3959999084473,864.636535644531,278.150482177734,26.2000007629395
"169",-78.41766,38.54632,30.33550262,1.61300003528595,26.9260005950928,26.8589992523193,25.7970008850098,26.318000793457,24.2210006713867,29.1749992370605,28.7719993591309,28.6100006103516,26.3700008392334,25.5939998626709,26.3369998931885,27.3959999084473,917.793029785156,296.961212158203,26.6800003051758
"170",-78.4174,38.54472,8.397227287,1.61300003528595,26.9260005950928,26.8589992523193,25.7970008850098,26.318000793457,24.2210006713867,29.1749992370605,28.7719993591309,28.6100006103516,26.3700008392334,25.5939998626709,26.3369998931885,27.3959999084473,923.908325195313,274.846710205078,26.2000007629395
"171",-78.34097,38.61552,22.55833054,1.47300004959106,26.7530002593994,26.6770000457764,25.5629997253418,26.1630001068115,24.1060009002686,28.9969997406006,28.753999710083,28.5450000762939,26.1870002746582,25.4489994049072,26.1760005950928,27.298999786377,943.844055175781,105.607444763184,25.8099994659424
"172",-78.42252,38.54251,22.62580109,1.61300003528595,26.9260005950928,26.8589992523193,25.7970008850098,26.318000793457,24.2210006713867,29.1749992370605,28.7719993591309,28.6100006103516,26.3700008392334,25.5939998626709,26.3369998931885,27.3959999084473,687.348205566406,301.424774169922,27.9599990844727
"173",-78.32226293,38.62150965,8.428322792,1.47300004959106,26.7530002593994,26.6770000457764,25.5629997253418,26.1630001068115,24.1060009002686,28.9969997406006,28.753999710083,28.5450000762939,26.1870002746582,25.4489994049072,26.1760005950928,27.298999786377,972.396911621094,175.354583740234,25.3999996185303
"174",-78.41756,38.54566,16.21717072,1.61300003528595,26.9260005950928,26.8589992523193,25.7970008850098,26.318000793457,24.2210006713867,29.1749992370605,28.7719993591309,28.6100006103516,26.3700008392334,25.5939998626709,26.3369998931885,27.3959999084473,925.880187988281,245.559112548828,26.2000007629395
"175",-78.31958374,38.61905795,8.153100967,1.47300004959106,26.7530002593994,26.6770000457764,25.5629997253418,26.1630001068115,24.1060009002686,28.9969997406006,28.753999710083,28.5450000762939,26.1870002746582,25.4489994049072,26.1760005950928,27.298999786377,798.048461914063,213.687805175781,26.8899993896484
"176",-78.42293127,38.54329987,16.90011406,1.61300003528595,26.9260005950928,26.8589992523193,25.7970008850098,26.318000793457,24.2210006713867,29.1749992370605,28.7719993591309,28.6100006103516,26.3700008392334,25.5939998626709,26.3369998931885,27.3959999084473,667.514404296875,238.483062744141,27.9599990844727
"177",-78.42163576,38.54241768,26.46397018,1.61300003528595,26.9260005950928,26.8589992523193,25.7970008850098,26.318000793457,24.2210006713867,29.1749992370605,28.7719993591309,28.6100006103516,26.3700008392334,25.5939998626709,26.3369998931885,27.3959999084473,721.027282714844,312.8525390625,27.9599990844727
"178",-78.36063,38.61753,12.52689648,3.61800003051758,28.7240009307861,28.8430004119873,27.9799995422363,28.4069995880127,26.3610000610352,31.298999786377,30.9479999542236,30.8409996032715,28.2520008087158,27.5690002441406,28.1149997711182,29.378999710083,951.959533691406,290.099822998047,26.1900005340576
"179",-78.32742451,38.626502,30.27333641,1.47300004959106,26.7530002593994,26.6770000457764,25.5629997253418,26.1630001068115,24.1060009002686,28.9969997406006,28.753999710083,28.5450000762939,26.1870002746582,25.4489994049072,26.1760005950928,27.298999786377,1061.26171875,137.161529541016,25.3999996185303
"180",-78.32143832,38.63122906,22.31891823,1.47300004959106,26.7530002593994,26.6770000457764,25.5629997253418,26.1630001068115,24.1060009002686,28.9969997406006,28.753999710083,28.5450000762939,26.1870002746582,25.4489994049072,26.1760005950928,27.298999786377,942.264526367188,45.6439514160156,25.8899993896484
"181",-78.42462282,38.54798821,11.90679836,1.61300003528595,26.9260005950928,26.8589992523193,25.7970008850098,26.318000793457,24.2210006713867,29.1749992370605,28.7719993591309,28.6100006103516,26.3700008392334,25.5939998626709,26.3369998931885,27.3959999084473,619.851623535156,207.891723632813,27.9799995422363
"182",-78.31751173,38.63813885,30.90126991,1.47300004959106,26.7530002593994,26.6770000457764,25.5629997253418,26.1630001068115,24.1060009002686,28.9969997406006,28.753999710083,28.5450000762939,26.1870002746582,25.4489994049072,26.1760005950928,27.298999786377,939.841674804688,60.0243110656738,25.8500003814697
"183",-78.38989525,38.5580019,35.7884903,1.75199997425079,26.9850006103516,26.8929996490479,25.8369998931885,26.2830009460449,24.1429996490479,29.0419998168945,28.5990009307861,28.4459991455078,26.2490005493164,25.5219993591309,26.2019996643066,27.443000793457,977.884033203125,21.0910587310791,25.8600006103516
"184",-78.33659,38.63385,23.79950714,1.47300004959106,26.7530002593994,26.6770000457764,25.5629997253418,26.1630001068115,24.1060009002686,28.9969997406006,28.753999710083,28.5450000762939,26.1870002746582,25.4489994049072,26.1760005950928,27.298999786377,859.733642578125,41.811393737793,26.7099990844727
"185",-78.33365,38.62957,19.52283096,1.47300004959106,26.7530002593994,26.6770000457764,25.5629997253418,26.1630001068115,24.1060009002686,28.9969997406006,28.753999710083,28.5450000762939,26.1870002746582,25.4489994049072,26.1760005950928,27.298999786377,1037.38330078125,10.6475496292114,26.7099990844727
"186",-78.36594648,38.6224413,22.3777771,3.61800003051758,28.7240009307861,28.8430004119873,27.9799995422363,28.4069995880127,26.3610000610352,31.298999786377,30.9479999542236,30.8409996032715,28.2520008087158,27.5690002441406,28.1149997711182,29.378999710083,745.335754394531,282.77392578125,27.7299995422363
"187",-78.37077915,38.61196711,12.69331264,3.61800003051758,28.7240009307861,28.8430004119873,27.9799995422363,28.4069995880127,26.3610000610352,31.298999786377,30.9479999542236,30.8409996032715,28.2520008087158,27.5690002441406,28.1149997711182,29.378999710083,737.888122558594,286.855529785156,26.4200000762939
"188",-78.33008216,38.58296514,19.34893417,2.30599999427795,27.5419998168945,27.5030002593994,26.4489994049072,26.8360004425049,24.7250003814697,29.5389995574951,29.1599998474121,29.0189990997314,26.7569999694824,26.1420001983643,26.6849994659424,28.0559997558594,730.550109863281,93.9610061645508,26.6100006103516
"189",-78.33605024,38.57933041,31.89504623,2.30599999427795,27.5419998168945,27.5030002593994,26.4489994049072,26.8360004425049,24.7250003814697,29.5389995574951,29.1599998474121,29.0189990997314,26.7569999694824,26.1420001983643,26.6849994659424,28.0559997558594,762.61083984375,171.636077880859,26.6100006103516
"190",-78.33830078,38.58783083,18.48279572,2.30599999427795,27.5419998168945,27.5030002593994,26.4489994049072,26.8360004425049,24.7250003814697,29.5389995574951,29.1599998474121,29.0189990997314,26.7569999694824,26.1420001983643,26.6849994659424,28.0559997558594,969.661499023438,151.366424560547,25.9599990844727
"191",-78.35957464,38.60957726,31.17276764,3.61800003051758,28.7240009307861,28.8430004119873,27.9799995422363,28.4069995880127,26.3610000610352,31.298999786377,30.9479999542236,30.8409996032715,28.2520008087158,27.5690002441406,28.1149997711182,29.378999710083,822.836547851563,184.394393920898,26.5900001525879
"192",-78.33017134,38.64783855,30.22136879,2.88899993896484,28.0149993896484,28.1870002746582,27.2240009307861,27.6760005950928,25.636999130249,30.5499992370605,30.2430000305176,30.0979995727539,27.5879993438721,26.8889999389648,27.4869995117188,28.7730007171631,671.616027832031,221.195861816406,27.8500003814697
"193",-78.32268203,38.64306975,29.30340195,1.47300004959106,26.7530002593994,26.6770000457764,25.5629997253418,26.1630001068115,24.1060009002686,28.9969997406006,28.753999710083,28.5450000762939,26.1870002746582,25.4489994049072,26.1760005950928,27.298999786377,943.094970703125,257.718017578125,26.4599990844727
"194",-78.4175,38.5536,15.86044025,1.61300003528595,26.9260005950928,26.8589992523193,25.7970008850098,26.318000793457,24.2210006713867,29.1749992370605,28.7719993591309,28.6100006103516,26.3700008392334,25.5939998626709,26.3369998931885,27.3959999084473,748.1220703125,217.217346191406,26.6800003051758
"195",-78.4155,38.5646,26.93461227,3.76300001144409,29.0869998931885,29.2150001525879,28.3600006103516,28.757999420166,26.6480007171631,31.6870002746582,31.128999710083,31.05299949646,28.5979995727539,27.9200000762939,28.5009994506836,29.6310005187988,836.399841308594,46.2915191650391,27.4599990844727
"196",-78.4163,38.5537,17.20927238,1.61300003528595,26.9260005950928,26.8589992523193,25.7970008850098,26.318000793457,24.2210006713867,29.1749992370605,28.7719993591309,28.6100006103516,26.3700008392334,25.5939998626709,26.3369998931885,27.3959999084473,790.581726074219,275.575408935547,26.6800003051758
"197",-78.4168,38.5573,32.47331238,1.61300003528595,26.9260005950928,26.8589992523193,25.7970008850098,26.318000793457,24.2210006713867,29.1749992370605,28.7719993591309,28.6100006103516,26.3700008392334,25.5939998626709,26.3369998931885,27.3959999084473,772.090637207031,284.769744873047,26.8299999237061
"198",-78.4184,38.5518,27.84028625,1.61300003528595,26.9260005950928,26.8589992523193,25.7970008850098,26.318000793457,24.2210006713867,29.1749992370605,28.7719993591309,28.6100006103516,26.3700008392334,25.5939998626709,26.3369998931885,27.3959999084473,766.411987304688,18.6014556884766,26.6800003051758
"199",-78.36461,38.62181,16.24603271,3.61800003051758,28.7240009307861,28.8430004119873,27.9799995422363,28.4069995880127,26.3610000610352,31.298999786377,30.9479999542236,30.8409996032715,28.2520008087158,27.5690002441406,28.1149997711182,29.378999710083,768.442443847656,218.186752319336,27.7299995422363
"200",-78.36506,38.61628,27.51123238,3.61800003051758,28.7240009307861,28.8430004119873,27.9799995422363,28.4069995880127,26.3610000610352,31.298999786377,30.9479999542236,30.8409996032715,28.2520008087158,27.5690002441406,28.1149997711182,29.378999710083,729.2431640625,255.198211669922,27.5300006866455
"201",-78.34232996,38.63513997,14.01478481,1.47300004959106,26.7530002593994,26.6770000457764,25.5629997253418,26.1630001068115,24.1060009002686,28.9969997406006,28.753999710083,28.5450000762939,26.1870002746582,25.4489994049072,26.1760005950928,27.298999786377,693.199401855469,212.462097167969,27.2999992370605
"202",-78.4182462,38.55088172,19.79182816,1.61300003528595,26.9260005950928,26.8589992523193,25.7970008850098,26.318000793457,24.2210006713867,29.1749992370605,28.7719993591309,28.6100006103516,26.3700008392334,25.5939998626709,26.3369998931885,27.3959999084473,802.38037109375,301.560333251953,26.6800003051758
"203",-78.41513316,38.56191935,18.53642273,1.61300003528595,26.9260005950928,26.8589992523193,25.7970008850098,26.318000793457,24.2210006713867,29.1749992370605,28.7719993591309,28.6100006103516,26.3700008392334,25.5939998626709,26.3369998931885,27.3959999084473,869.78125,253.222244262695,26.8299999237061
"204",-78.41814034,38.54999408,18.38211441,1.61300003528595,26.9260005950928,26.8589992523193,25.7970008850098,26.318000793457,24.2210006713867,29.1749992370605,28.7719993591309,28.6100006103516,26.3700008392334,25.5939998626709,26.3369998931885,27.3959999084473,824.797912597656,296.587005615234,26.6800003051758
"205",-78.418,38.5491,19.80875969,1.61300003528595,26.9260005950928,26.8589992523193,25.7970008850098,26.318000793457,24.2210006713867,29.1749992370605,28.7719993591309,28.6100006103516,26.3700008392334,25.5939998626709,26.3369998931885,27.3959999084473,870.696350097656,330.537994384766,26.6800003051758
"206",-78.42371,38.54333,14.61561489,1.61300003528595,26.9260005950928,26.8589992523193,25.7970008850098,26.318000793457,24.2210006713867,29.1749992370605,28.7719993591309,28.6100006103516,26.3700008392334,25.5939998626709,26.3369998931885,27.3959999084473,645.454772949219,222.959732055664,27.9599990844727
"207",-78.42367,38.54853,24.49620628,1.61300003528595,26.9260005950928,26.8589992523193,25.7970008850098,26.318000793457,24.2210006713867,29.1749992370605,28.7719993591309,28.6100006103516,26.3700008392334,25.5939998626709,26.3369998931885,27.3959999084473,661.02734375,216.540451049805,27.9799995422363
"208",-78.42159,38.54142,15.19135857,1.61300003528595,26.9260005950928,26.8589992523193,25.7970008850098,26.318000793457,24.2210006713867,29.1749992370605,28.7719993591309,28.6100006103516,26.3700008392334,25.5939998626709,26.3369998931885,27.3959999084473,736.97216796875,289.706604003906,27.9599990844727
"209",-78.42306,38.54397,18.11432457,1.61300003528595,26.9260005950928,26.8589992523193,25.7970008850098,26.318000793457,24.2210006713867,29.1749992370605,28.7719993591309,28.6100006103516,26.3700008392334,25.5939998626709,26.3369998931885,27.3959999084473,676.505615234375,284.459686279297,27.9599990844727
